MedInc,HouseAge,AveRooms,AveBedrms,Population,AveOccup,Latitude,Longitude,MedianHouseValue
-0.04873779285038218,0.34403863936675605,0.06979079796150837,0.011304989810700569,0.22169378025209835,0.33322157802662405,-0.7400668420075035,0.9008579718328162,1.163
0.5965504894259416,1.2979555545373427,0.20693715974515925,-0.06862128349494062,-0.4322200400307418,-0.09792419957835789,1.0957911538778433,-1.49256341675472,3.201
1.0650796292906222,-1.4843021147102018,3.475173679742459,2.0626391643339,-1.0141433479888655,-0.09007637609428387,2.1448528658123243,-0.8015756518486952,1.938
0.9143647083454282,0.5825178681594028,0.007663653968481663,-0.248577480760671,-0.3645146772491633,-0.004782511420487503,-0.7307002195795156,0.8507863946657157,1.883
0.3347740421043496,-1.0073436571249084,0.15508771635168378,-0.17752927954369224,-0.2899530751985643,-0.0006342702096168324,1.5079225407092454,-0.8416329135823771,1.914
0.23273192848989852,0.5030247918951872,-0.20603151441481687,-0.24180545468654902,-0.8358811269943299,-0.07902932727098146,0.9225086389600917,-1.2271840577690785,1.904
-0.1465637312684206,-0.8483575045964773,-0.6736631870713525,0.07232150917272318,-0.5076386719899685,-0.13660388379855798,0.8241591034662334,-1.2522198463526286,2.74
0.15737446801730134,-1.4048090384459861,-0.37127169637182583,-0.1249434521048258,0.06999948642501748,-0.10288030497141266,-0.683867107439586,0.6154499819803303,1.764
-0.42483129423167887,0.5030247918951872,-0.0412890953283439,-0.1928308895653849,-0.8144553792786405,-0.04997867463352398,2.3275020031580604,-2.2987158091450914,1.07
0.5853429351063628,0.9799832494804805,-0.15764359928176544,-0.18263933214422018,-0.530778479522913,-0.09677550908271858,0.8850421492481466,-1.352363000686837,2.824
-0.04206662956491872,1.0594763257446962,0.14217417611765293,-0.07400611946811,-0.19482275534090338,-0.07762111209449155,-0.12186976176039707,0.2949918881108682,0.794
0.5234345398172606,0.34403863936675605,0.11527935412218868,-0.14126371036633742,0.24311952796778774,0.061520111052970575,0.8335257258942214,-1.1620910074518391,2.249
0.5138814339924768,-1.086836733389124,0.2622773569096837,-0.128182950699788,-0.8487365756237435,0.02876348823233445,-0.8337330662873694,1.1361943845182088,1.739
-0.3481929704082728,-0.6893713520680462,-0.6774730024137726,0.03560380392065842,-0.7261812986900003,-0.16680931276755356,0.9833916847420049,-1.347355842970124,1.0
2.0541729826465986,-0.4508921232753995,0.6130719918688923,0.02355724246224216,1.4960972543813031,-0.04229707975304379,-0.889932800855287,0.6054356665469116,5.00001
0.4695849097769983,-1.1663298096533397,0.06112849143743148,-0.23771220092575895,4.1691735393907114,0.04314448190411989,-0.8243664438593815,1.056079861050838,1.499
0.2136790861466143,1.8544070883868518,0.10894056806769682,0.06915052528960536,-0.45535984756368636,-0.09450440149762422,-0.7400668420075035,0.6104428242636173,4.869
-0.5715435172055944,1.456941707065774,-0.24532028891206606,-0.13777977201991362,-0.5316355094315406,0.033483959498548106,1.3533732706474697,-0.9317617524831666,0.56
-0.11117988120232157,0.900490173216265,-0.2974605895024811,-0.10621193341392005,-0.09626431584873218,-0.08671115123962247,-0.6464006177276376,0.16480578747639676,2.127
-0.3472856922014497,0.6620109444236183,-0.5346860098069824,-0.18947187438537552,-0.42107865121858334,0.059274759031001066,0.8522589707501939,-1.3072985812364422,3.208
-0.959218158050456,1.2184624782731273,-0.43527587572696946,0.04006605119151533,-0.5187800608021269,-0.12043997886004643,1.1098410875198235,-1.277255634936179,1.339
-0.6802567941055094,-1.086836733389124,0.14168155954842293,0.07038702239253727,3.6215314277776907,0.021534127222788507,1.3299567145775049,-0.9367689101998724,1.079
0.2925055515276525,0.18505248683832495,0.7207592188596225,-0.017279822992048832,-0.4065091427719145,-0.035099542476562655,-1.3535806110406177,1.2964234314529361,2.268
0.6958173991136406,-0.7688644283322618,0.06983760532726302,-0.1280811630709202,0.20112506244503653,0.006340614140348189,1.3018568472935443,-1.1821196383186836,2.328
-1.1872652038007439,0.7415040206878338,0.3125887445418954,1.0071142189786968,-1.0381401854304377,-0.15163629581537166,2.041820019104474,-0.8216042827155398,0.75
-0.17324838441027515,-0.6893713520680462,-0.3604763380008039,-0.2568390159776925,0.8276139256517943,0.038817428849556766,-0.721333597151531,0.840772079232297,1.53
0.6152831159315238,0.2645455631025405,0.17897978578928464,-0.15586078126879305,0.212266451257195,0.0019915530824100966,-0.6791837962255903,0.48526388134585885,2.349
-0.894481189528317,1.2979555545373427,-0.6354497216814724,0.024844155526571727,0.013435512455597489,0.005144443539911715,-0.7494334644354914,0.6304714551304619,1.713
3.910464193806561,1.8544070883868518,0.36909431932511166,-0.15474500831565027,-0.5402058085178163,-0.08072658639294698,-0.7541167756494838,0.5904141933967799,5.00001
0.10048278751886754,0.42353171563097164,-0.05657025902638783,-0.25453248597233724,-0.10740570466089067,0.019699726212703834,-0.7822166429334442,0.7706718711983519,1.728
2.806253246796624,1.2979555545373427,0.40275586105970745,-0.16167049561101915,-0.5959127525786088,-0.0323828461706555,-0.7541167756494838,0.5303283007962536,5.00001
-0.5757596924020075,0.34403863936675605,-0.4010843098631918,-0.0707725674317194,-0.5179230308934993,0.10889556365523417,-0.8149998214313969,0.7005716631644069,1.174
0.832122607362233,0.8209970969520494,0.39830863125359234,-0.09733086409008308,-0.5659167057766435,-0.03843976773834123,-0.6885504186535782,0.515306827646122,4.573
-1.183796198892303,0.02606633430989383,-0.361438467748124,-0.19326110086846174,0.5790752521497974,0.0002392780846974292,1.6905716780549815,-1.0419192222507936,0.58
-0.4772399530022809,0.2645455631025405,0.20772506470797664,-0.020550956364059618,0.46080512475919194,0.04772766722725384,0.39797778299285114,0.05464831770876985,1.103
-0.10877826241955482,1.2184624782731273,-0.3106603040324464,0.02989916630880568,-0.803313990466482,-0.087695361687708,-0.7728500205054563,0.5653784048132297,3.258
3.5927567134996425,-1.4048090384459861,1.0883623910596976,0.02429491734462162,-0.4039380530460318,-0.026288407849975794,1.02085817445395,-1.1771124806019708,5.00001
-0.9648753045165289,0.42353171563097164,-0.1366953795645705,-0.043950711564979664,-0.7296094183245105,0.042154860241904714,0.4448108951327841,0.07467694857561434,0.725
-0.39441078964996484,-1.4048090384459861,-0.6305265925016065,0.006957220235823751,0.19598288299327107,-0.1256974380110647,-0.6979170410815662,0.6104428242636173,2.094
0.4582706168448523,-1.086836733389124,0.8918048507104045,-0.03868938301493265,0.444521556495268,-0.01388560118409388,1.418939627643375,-0.7515040746815946,2.133
1.6487797321155462,0.900490173216265,0.5894876010929514,-0.2450844248029944,-0.31480694254876396,-0.06077495691220229,-0.7728500205054563,0.6204571396970432,3.72
1.4871241033821918,-0.9278505808606928,0.7624105537684746,-0.026154064472071168,-0.17853918707697944,-0.03992028074601177,-1.3254807437566571,1.4216023743706947,3.086
1.9878883042422324,-0.2919059707469684,0.5382074241119693,-0.11589705976415404,-0.7767460632990272,0.017193162382134322,-0.8196831326453893,0.8858364986826918,2.593
0.09135663614435373,0.5825178681594028,-0.14588573617211403,-0.07786599014217947,-0.179396216985607,0.13881847552454152,-0.6604505513696178,0.5803998779633541,1.714
2.725505486389373,0.5030247918951872,0.4422332647897968,0.03923362738951316,-0.14854314027501428,0.154726225830097,-0.7400668420075035,0.5753927202466483,5.00001
-0.5826977022188896,1.3774486308015583,-0.34359996879789545,-0.0833583101911059,-0.47164341582761027,-0.13971845680656234,-0.7822166429334442,0.7806861866317706,2.368
1.3250948895048515,-0.7688644283322618,0.4720113501400629,-0.1498676774426308,-0.7818882427507926,0.004986455779916042,0.9787083735280125,-1.1821196383186836,2.5
-1.149639842870729,-0.371399047011184,-0.38767964215629946,0.04711132227688464,0.34167796745995893,0.048956962885786735,-0.7728500205054563,1.0961371227845198,0.868
-0.23574384206849813,-0.8483575045964773,0.03245384925319966,-0.08677702372571755,0.018577691907362942,-0.09830326111607056,0.9552918174580444,-0.7064396552311999,1.475
-0.4826302529369355,0.6620109444236183,0.09336788974256349,-0.0047838802121962214,-0.4596449971068242,-0.07500192406765607,-0.12655307297438936,0.23991315322705473,0.828
0.2708376131764665,0.9799832494804805,0.10723967464130499,-0.03310746506319765,-0.8590209345272745,-0.09481151549155076,0.45886082877476436,-1.172105322885265,2.875
0.7366449184206775,0.5825178681594028,0.06104298198368156,-0.19645970167746615,-0.332804570629943,-0.05655137257435487,-0.8571496223573343,0.7506432403315074,2.398
0.487943951138594,1.615927859594205,-0.04612437898620828,-0.10069728299674749,0.4436645265866404,0.20162734649390848,0.9646584398860324,-1.4324775241542007,2.515
-0.8997647508504042,1.3774486308015583,-1.2303437405742776,0.09818049121090375,1.1018634964126184,0.0043488090701851705,-0.7447501532214958,0.6505000859972992,3.5
0.07705366206031966,0.02606633430989383,0.024866657128575304,0.002796615109553303,0.07685572569403808,0.14546612820106944,-0.7353835307935113,0.7957076597819022,1.953
-0.8458617515038582,-0.2919059707469684,-0.37359334936505906,-0.18556287185317605,0.7213422169819749,0.07551605319039749,-0.5855175719457277,-0.1456379909596395,2.167
2.219404354900962,-1.0073436571249084,0.8460301406873115,-0.12947244607096786,0.1814133745466023,-0.009519444838894513,-0.974232402707165,0.9659510221500555,2.866
-0.257625257644819,-0.4508921232753995,-0.12270717351517513,-0.16871346360690376,0.06828542660776232,-0.023804202588506185,-1.3301640549706495,1.3364806931866182,1.589
-0.3508080664161746,1.0594763257446962,-0.45221905181656624,-0.06921205058638767,-0.47250044573623784,-0.10286805729133887,-0.6885504186535782,0.5353354585129665,2.218
2.0941999623593808,0.5825178681594028,0.5159681711292184,-0.12379130703491466,-0.8847318317861017,-0.0648662979666805,1.044274730523918,-1.3072985812364422,3.781
-0.5999893574548113,0.9799832494804805,-0.5738065595413167,-0.2088409663041982,-0.3807982455130873,-0.1691827655675763,-0.7634833980774683,0.5603712470965168,4.444
-0.3651644098064923,0.42353171563097164,-0.5726932915662426,-0.03795436006513432,-0.4305059802134866,0.017831196811733837,-0.7494334644354914,0.6855501900142753,1.55
-0.35160860601043026,-1.086836733389124,0.0833804944304495,-0.24656319769422047,-0.40565211286328695,-0.06332643867945384,2.1589027994543044,-1.3072985812364422,1.379
-0.39377035797456017,0.02606633430989383,-0.33743270963876676,-0.14233840184108762,0.438522347134875,-0.02662824501753182,-0.6791837962255903,0.5803998779633541,2.381
-1.0285448869129936,0.5825178681594028,-0.549502054218244,-0.46092067122042796,-0.7244672388727451,-0.07649786794740442,1.0630079753798907,-1.382405946987093,0.94
2.317817355688121,-1.086836733389124,0.7164430332621863,-0.18263933214422018,0.813901447113753,0.001993415912438285,-0.9414492242092123,0.945922391283211,3.266
0.6162971327509144,0.7415040206878338,0.21237761323055374,0.31359016260610356,-0.08426589712794612,-0.1267859277690011,-1.0163822036331056,0.9158794449829478,3.812
-0.43032833277890087,-0.6098782758038306,-0.07228255914965298,-0.08318433643768339,0.4093833302415374,-0.01199542203739482,1.7795545911208552,-2.02832929244273,1.407
0.11361163686466014,0.5030247918951872,-0.2293597634794987,0.04089012291523688,-0.5899135432182157,-0.017116949928938346,-0.805633199003409,0.625464297413749,1.599
0.4564560604312062,-1.0073436571249084,-0.11311197639306682,-0.13756587728156625,0.41109739005879253,-0.07585283385640587,0.8288424146802291,-1.1771124806019708,1.125
-0.7631926960703931,1.2184624782731273,-0.5595251689618957,-0.037588848235656516,-0.35337328843700483,0.006471452318986534,0.791375924968284,-1.1470695343017077,1.944
-0.15323489455388428,0.7415040206878338,1.5506279598649813,2.0955601612461234,-0.2008219647012964,-0.03002440926808558,-0.6604505513696178,1.1462086999516274,0.965
1.942684501819931,1.1389694020089116,0.2951490306283786,-0.08175700338541066,-0.2393883105895373,-0.05383594698676081,-0.7868999541474365,0.6054356665469116,3.626
-1.0582715905130196,1.6954209358584205,-0.25777442133145245,-0.1891314630281649,-0.530778479522913,-0.023223253443030608,0.5103772521286896,-0.09055925607582604,0.628
-0.857069305823437,-1.5637951909744174,-0.4735260960360588,-0.025213396953336877,-0.6447634573703805,-0.17564221801560692,0.505693940914694,-0.07053062520898866,0.542
0.07299759478275776,-1.3253159621817707,-0.06375057266808166,-0.21341458801206692,0.9981628774686818,-0.08261407908408386,0.9646584398860324,-1.0719621685510567,2.002
-0.6992028978362262,0.5030247918951872,-0.4077307264955837,-0.26556154934369613,-0.3345186304471982,0.16138367045980942,-0.7166502859375387,0.8007148174986151,1.392
-0.6869279573909731,1.8544070883868518,0.299835579178334,0.22929684362091887,-0.9601504637453283,0.03527080455412053,1.0817412202358632,-0.8416329135823771,0.542
0.4138139847105226,-0.2919059707469684,0.1864235956739354,-0.10020585099896522,0.20369615217091927,0.02790436906372141,-0.8524663111433419,0.7806861866317706,2.296
-0.8793776758500272,-1.245822885917555,-0.394876323520937,0.09184856275219365,0.42566689850546136,0.18272026584825798,-0.6557672401556255,0.5954213511134857,1.342
-0.1627880003786682,0.42353171563097164,-0.07191895647744533,-0.33147408096379255,0.3588185656325104,0.16301898014957553,-1.348897299826622,1.2613733274359673,1.855
-0.9379771741495398,0.02606633430989383,-0.30690218551571885,-0.11706032377077817,-0.07398153822441522,0.1737618072142502,-0.17806949632831462,0.3400563075612629,0.614
-1.4005289517104447,1.0594763257446962,-1.1976839841084024,0.109803907139428,2.0265987678217727,0.02029404217993344,-0.7447501532214958,0.6555072437140121,1.625
-0.2789729801583023,-1.086836733389124,-0.06043054788098232,0.04139613186839917,-0.1588274991785452,-0.08328793229105218,-0.00010367019657403072,0.9559367067166297,0.819
-0.31334281340501086,-0.1329198182185373,-0.10321544463958023,-0.09174949976899366,-0.6516196966394011,-0.0888545174557492,1.671838433199009,-1.2271840577690785,0.928
-0.7440864844208254,0.10555941057410939,-0.3011272256620062,-0.2176256922776978,-0.2325320713205167,0.014606063873073283,0.2574784465730556,0.25493462637718634,0.612
-0.4263790041139064,1.8544070883868518,-0.3610243312379788,-0.06837502421060086,-0.13140254210246277,-0.03996810789818495,1.1519908884457608,-1.3273272121032795,1.073
-0.36169540489805124,0.7415040206878338,-0.2917342306872329,-0.203608168677421,-0.9592934338367007,0.06684250822568262,0.3886111605648632,0.06966979085890143,1.063
1.0410100721566695,-0.7688644283322618,0.42260643578908996,-0.28582308657795735,-0.179396216985607,-0.03939991411661891,1.2503404239396192,-1.3673844738369614,2.387
0.2775087764619302,-1.7227813435028485,0.3928403704882095,0.049882132921816445,2.3642685518210373,0.030365486089995227,0.9646584398860324,-0.916740279333035,1.707
-0.9250084327225985,0.42353171563097164,-0.5195884615571341,-0.05386600661091627,0.03143314053677657,0.05076127966647574,-1.3769971671105825,1.2263232234189911,1.394
-0.2569848259694143,-0.8483575045964773,-0.008288083116874689,-0.2686906896153745,-0.611339290933905,0.041646132856172274,0.3043115587129852,-0.03548052119201258,0.705
-0.8981636716618928,0.5825178681594028,0.4090529572537654,-0.043950711564979664,-0.7938866614715787,-0.015212270489630473,1.6531051883430365,-0.9217474370497479,0.938
1.5046292358432485,0.2645455631025405,0.5853896681299968,-0.11217324199187592,-0.6284798891064566,-0.009450936330326083,-0.6885504186535782,0.48025672362915306,4.33
0.5416868425662892,0.02606633430989383,-0.10157225564722899,-0.21806241521972447,-0.5753440347715469,0.08119792688540585,-1.4378802128924957,1.2463518542858356,1.368
-0.11117988120232157,-1.086836733389124,0.0192606245920236,-0.034528758057235126,-0.006276175442836749,-0.03215658973698847,2.346235248014033,-1.3323343698199925,1.085
-0.7968153590291298,-0.530385199539615,0.022672039770900425,0.013917034550834042,0.18569852408974016,-0.03805481890818716,1.8170210808328002,-1.3072985812364422,0.71
-0.3002673333655023,-0.7688644283322618,-0.6336221387692799,-0.10248118885139333,0.25340388687131865,-0.05866526442191691,-0.8196831326453893,0.6454929282805935,1.814
-0.9840882547786641,1.0594763257446962,-0.2916793435424876,0.08432975737604395,-0.31566397245739153,-0.09272276889887274,-0.7915832653614288,0.6304714551304619,1.982
0.730133863054065,-1.086836733389124,0.7002743886559868,-0.1530882180234565,1.4875269552950274,0.04647660002574047,1.4376728724993477,-0.8316185981489584,1.627
-0.11182031287772624,-0.6098782758038306,-0.38482041175992876,0.2523111656190693,1.8911880422586158,-0.12873030942123978,0.7773259913263039,-1.1921339537521023,2.675
0.7289597383158234,0.5825178681594028,0.12856979761011111,-0.12834502326361105,-0.47935668500525846,-0.06165915812119842,-0.8571496223573343,0.7456360826148016,2.548
0.20343217934014238,1.615927859594205,0.321319288368257,-0.15712480377515067,-0.36365764734053574,-0.0940018122775571,1.1566741996597532,-1.3223200543865739,1.458
-0.015061760585361916,1.3774486308015583,-0.0996003536311179,0.026031481328291296,0.04171749944030748,-0.06545275316079051,0.9178253277460994,-1.4124488932873562,2.736
-1.194416690842761,1.8544070883868518,-0.6199581556072876,-0.06292038106247656,-0.33623269026445335,0.023553568102204436,1.3767898267174377,-0.9467832256332982,0.705
-0.9799788181948187,-0.4508921232753995,-0.4979549442975125,0.12608646112152147,-1.0158574078061207,-0.15421724110835033,1.2409738015116312,-1.347355842970124,1.425
-0.6609904745370906,0.02606633430989383,-0.5877156340283751,0.12021645198040223,1.619509561223674,0.16692274535449061,-0.7166502859375387,0.6755358745808566,1.688
-1.317966634889547,0.8209970969520494,-0.6517978482384919,-0.12503021282668927,0.4308090779572268,0.042843265810683165,-0.7822166429334442,0.660514401430725,0.97
-1.3088938528213165,-1.4048090384459861,-0.436337402422406,-0.06523460878258569,-0.5350636290660509,0.12117382288914408,-0.7541167756494838,0.7155931363145385,1.344
-1.112441436390984,1.8544070883868518,-0.6815975586909058,-0.20295435194810077,-0.4733574756448654,-0.14495142244960837,1.0349081080959301,-1.3323343698199925,3.368
0.21570711978539525,-1.245822885917555,-0.10761652621358184,-0.14200452934307012,0.9681668306667166,-0.00817487710188386,-0.6510839289416332,0.5954213511134857,1.543
0.4286506518573937,1.456941707065774,-0.3939834516725258,-0.4072719056025022,-0.5564893767817403,-0.019553335456927244,-0.7119669747235431,0.6805430322975624,2.444
0.8117889016681399,-1.7227813435028485,0.36255835789618807,-0.1501272549056137,1.2612710594173475,-0.024904475626293006,1.2269238678696543,-1.49256341675472,2.505
0.8081064195345641,-2.040753648559711,0.36296427803660986,-0.1146917817076292,1.2372742219757753,0.023559104095068485,-0.7072836635095507,1.021029757033869,2.063
-0.45610570771393216,-0.8483575045964773,-0.24496561056912008,-0.21148184247447274,0.08628305468894142,-0.00496781607678159,1.0114915520259653,-0.811589967282114,1.243
-0.6022308683187271,0.900490173216265,-0.26638529785327847,-0.10508176855284315,0.6339251663019622,0.12391945758843362,-0.8243664438593815,0.695564505447694,1.079
-1.351696036460851,1.456941707065774,-1.1774392355590153,0.12636072152418576,-0.020845683889505532,0.19830557400249127,-0.7494334644354914,0.660514401430725,1.125
-0.12655024141202995,-1.086836733389124,0.1738463505533444,0.1672242691905556,-1.0475675144253411,-0.028037360538105186,1.3486899594334774,-0.5011461888460776,1.0
-1.0738554279478625,-0.6098782758038306,-0.021822264521418007,-0.02400552532783135,-0.38422636514759756,-0.0018289821028201197,1.971570350894576,-1.3223200543865739,0.798
3.4738498990995392,0.34403863936675605,0.847056763875703,-0.1977160989077612,-0.36022952770602545,-0.03679369024913031,-0.7026003522955585,0.5503569316630981,5.00001
-1.1722684287350216,0.10555941057410939,-0.6220734576663511,0.012587766613167113,1.1215751843110526,0.025265322109766654,-0.7822166429334442,0.6304714551304619,1.185
-0.6553333280710174,0.5825178681594028,-0.5891465603138885,-0.1291206562476196,1.2132773845342033,0.07408727841950928,-0.6979170410815662,0.7256074517479572,1.563
-0.21567698290582368,-1.4843021147102018,0.028197654795291505,-0.013375424871063107,-0.030273012884408864,-0.08721097662630152,-1.1756147849088738,1.2413446965691228,1.905
0.27169152207700575,0.02606633430989383,0.05772746542696168,-0.21464439843173733,-0.22738989186875125,-0.06655585249435447,1.3065401585075367,-1.5426349939218276,1.964
-0.9574569709430935,1.8544070883868518,1.0348562698827861,1.507821311922318,-0.7767460632990272,-0.1360952251924978,1.3159067809355245,-1.7178855140066867,1.2
-0.38672560954511065,-0.7688644283322618,0.3891566550858503,0.06876442176797234,0.0974244435010999,-0.043916106926327934,2.7068502114915134,-1.452506155021038,0.761
-0.7024050562132487,-1.6432882672386329,0.21116773829278793,0.1253832829431581,0.20883833162268473,-0.16220710664643473,-0.9039827344972672,1.196280277118728,1.101
-1.4170734366583944,1.2184624782731273,-0.13889204102761377,0.3264645129874467,-0.9910035404559211,0.01600612158287938,-0.12655307297438936,0.2899847303941553,0.575
-1.191854964141143,-0.9278505808606928,-0.2732104683391257,0.13168069386190195,-0.6096252311166499,-0.08300626484737035,1.5594389640631707,-1.6227495173891913,0.778
0.08025582043734208,0.7415040206878338,-0.09605607095609053,-0.06695272668543888,-0.7450359566798068,-0.04278207400021992,-0.8384163775013618,0.6304714551304619,2.486
0.18987637554408016,-0.4508921232753995,-0.04453020680352263,-0.29552848922271485,-0.060269059686374006,0.03958753914382017,-1.1475149176249133,1.1612301731017591,1.507
0.1988424189997432,1.8544070883868518,-0.35553365495716194,-0.13607340236553536,-0.24453049004130276,-0.1758505729578806,0.9880749959559971,-1.4274703664374877,3.616
1.3203450212456016,-0.371399047011184,0.8599812393075099,-0.06293534406098714,-0.19482275534090338,0.012269747098610518,-0.637033995299653,0.44019946189547116,3.02
-0.11155346634630761,0.900490173216265,-0.019507111381748852,-0.338004585248733,-0.47507153546212055,-0.08594405145752329,-0.9414492242092123,0.840772079232297,3.261
-1.3167391408450215,1.3774486308015583,-0.993990014578629,-0.1600335232422565,0.5525073249823426,-0.06440725085078486,0.9880749959559971,-1.417456051004069,2.125
-0.9013658300389155,0.5030247918951872,-0.46265989510031863,-0.15489349521055534,-0.07826668776755309,0.26520175454167133,-0.8009498877894167,0.6805430322975624,0.976
-0.8663021958105187,-0.371399047011184,-0.5553936078713274,-0.04666749773017267,-0.45621687747231393,-0.15753976551698703,-1.35826392225461,1.2313303811357041,1.125
-1.0994193256577591,-0.4508921232753995,-1.143780173390617,-0.04394116920770839,1.9623215246747046,0.0344908578751229,-0.7447501532214958,0.6454929282805935,3.222
-0.4291542080406592,1.5364347833299894,-0.07290019037346225,-0.04892183006338977,-0.2179625628738479,0.001943805465266342,-0.7822166429334442,0.6454929282805935,1.024
1.3390242784448998,-0.4508921232753995,0.7962219813802816,-0.06398640346854731,0.5310815772666532,-0.03739422770582407,-0.6885504186535782,0.38011356929494483,3.483
-0.752412096201084,1.8544070883868518,-0.22940627867201643,0.010392714451281551,0.2054102119881744,-0.07518870797217377,1.2362904902976388,-1.352363000686837,1.631
-0.32001397669047454,0.8209970969520494,-0.7709029248232407,-0.36723998233829175,-0.5342065991574233,0.2275736220706167,-0.7775333317194486,0.7606575557649332,1.533
0.02688651415363315,-0.2919059707469684,0.1114903214683878,-0.009925601645903158,0.1805563446379747,-0.08320759567799621,1.2409738015116312,-1.3623773161202557,1.873
-0.973307654909355,1.0594763257446962,-0.2230702630547246,0.0012807899276422812,-0.2685273274828749,-0.002625890744390063,-0.7541167756494838,0.6354786128471748,1.688
0.05164987226927419,0.6620109444236183,-0.18116590716950204,-0.1365078917711785,-0.4887840140001618,-0.1421321017908476,-0.6979170410815662,0.6404857705638806,3.15
0.007993779729200153,0.7415040206878338,-0.04714012482444918,-0.10175953408758827,0.14456108847561655,-0.05729657151692217,-0.7260169083655234,0.765664713481639,2.571
-0.09911841798220351,-0.2919059707469684,-0.11018784024966335,0.03127595280515263,0.35796153572388284,-0.08225698675326808,-0.7166502859375387,0.765664713481639,2.481
1.210991312670282,0.5825178681594028,0.34942580220693187,0.040093600100884044,-0.7784601231162823,-0.0037655267297101672,-0.8524663111433419,0.6204571396970432,3.42
-0.5201488752543829,0.6620109444236183,-0.16415823789149087,-0.03560710224425361,-0.3936536941425009,-0.021603140098289824,-0.13123638418838499,0.32503483441113135,0.574
0.8906153670491777,0.5030247918951872,0.06861264860024843,-0.08402912790700563,-0.41593647176681786,-0.02953854854258682,0.8944087716761345,-1.3573701584035427,2.748
-0.18274812092877524,0.02606633430989383,-0.10026218015609371,-0.3335203589282293,0.8970333482506279,0.20827368023165016,-0.7260169083655234,0.9258937604163736,1.219
0.017066561797430848,-0.1329198182185373,0.22875910575074399,-0.13420688670027833,-0.07740965785892552,-0.012958199158232086,1.4048896940013949,-0.8516472290158029,1.473
-0.802259028270068,-1.4048090384459861,-0.6967838326379099,-0.02066976770786053,-0.19482275534090338,-0.15562770542971516,1.2643903575815993,-1.562663624788665,1.042
0.8807954146929753,0.10555941057410939,0.2050172776264593,-0.05536337086130365,-0.5102097617158512,0.10725988302560045,-0.8711995559993145,0.6655215591474308,1.815
-0.3517153446229977,-1.4048090384459861,0.15943833334517107,-0.000988955917771817,0.49851444073880524,-0.02637560403738863,-1.1381482951969286,1.346495008620037,2.345
-0.6535721409636551,0.2645455631025405,-0.04062544581394603,0.15495147382090657,-0.4502176681119209,0.020530922565448476,1.2175572454416663,-1.0869836417011882,2.125
0.679966715147379,1.8544070883868518,0.1254022569307273,-0.23643873311546204,-0.36794279688367365,-0.049706372582039894,-0.8290497550733739,0.8307577637988712,2.4
0.09359814700826949,-0.053426741954321726,0.17961660942289098,-0.13740903185359704,-0.9284403571261081,-0.025623693554626424,-0.45438485795391675,0.73061460946467,1.026
-0.9204186723821995,-0.8483575045964773,-0.3350539096773886,-0.14885620661850757,-1.1272712959277056,-0.12217009867575937,1.6765217444130014,-1.7980000374740575,1.75
-0.7953210184531859,-0.21241289448275286,-0.16346091640402974,-0.1692990120097523,-0.08940807657971157,-0.08365010381718181,2.257252334948163,-1.3623773161202557,0.66
-0.9537744888095175,-0.7688644283322618,-0.030773597363012075,0.09711121486567503,-0.06455420922951188,-0.01793318234894908,1.418939627643375,-0.9267545947664537,0.944
-0.3687401533275007,-1.4048090384459861,-0.6376808093207206,-0.0990350285517988,0.2311211092470017,-0.13943266901091658,-0.6885504186535782,0.6404857705638806,1.813
-0.9065426527484353,-1.0073436571249084,-0.5030483595120105,-0.041027874461096826,-0.7107547603347039,-0.041774037869437154,0.997441618383985,-1.4274703664374877,1.469
-0.024561497103862236,-0.21241289448275286,0.06303706244513316,-0.14947044526442996,-1.0107152283543552,-0.10226428377788367,-1.35826392225461,1.1862659616853093,1.62
-0.19870554350760422,0.02606633430989383,0.014482039538156782,-0.12349780067526703,-0.060269059686374006,0.04288160593795512,-0.674500485011598,0.37009925386152615,2.067
-0.19929260587672507,-1.086836733389124,-0.2869209330216601,-0.1267224347223512,-0.12968848228520763,-0.08024153983151551,-0.1546529402583498,-0.6263251317638362,1.896
-0.07222028761521411,0.8209970969520494,-0.15767349653663462,-0.2674899729994979,-0.6490486069135184,0.11106212308571384,-0.805633199003409,0.7556503980482203,1.582
0.9574337385163814,-1.802274419767064,0.40964570717236426,-0.04778742078493926,1.1232892441283078,-0.10294967458352486,-1.2177645858348145,1.271387642869386,2.786
-0.08652326169924818,-0.9278505808606928,1.6511846623190758,1.5145641605587634,-0.4947832233605548,-0.15000053387763926,-0.8477829999293464,1.5367670018550346,1.304
0.5836351173052843,-1.9612605722954952,0.3259987940510677,-0.026795567156260126,-0.6927571322535248,0.008103576412714098,0.5431604306266423,-0.04048767890872548,1.144
-0.7359743498657015,-0.053426741954321726,-0.5741365670798049,-0.21420142173571632,0.05800106770423142,0.2772529050626695,-0.8196831326453893,0.6805430322975624,0.888
-0.8000175174061522,1.6954209358584205,-0.1992288261368261,-0.1373716205216774,-0.38165527542171485,-0.08102930911254014,-0.3279354551760981,-0.4210316653787139,1.361
-0.946889848298919,0.8209970969520494,-0.48660402474771114,-0.014688936673535576,1.0033050569204474,0.13928560787478408,-0.7868999541474365,0.660514401430725,1.014
-0.695040091946097,-1.0073436571249084,-0.43357947151303045,-0.2450566775945257,1.6392212491221083,0.27930326281558915,1.1098410875198235,-0.8566543867325087,1.063
-0.17799825266952532,-0.371399047011184,-0.33453671301591686,0.31154840609357953,-0.6293369190150842,-0.13837139933621387,-0.9461325354232045,0.8357649215155841,2.364
0.2660877449172166,-1.5637951909744174,0.12885197880748633,0.006673654292319608,-0.8753045027911983,-0.1483797816953054,-0.1359196954023773,0.264948941810605,0.952
0.030248780449506796,-0.8483575045964773,0.11007481699606744,-0.10645093768716114,-0.1382587813714834,-0.015611577664095879,-0.08440327204845204,-0.5361962928630466,1.848
-0.32001397669047454,-0.1329198182185373,-0.06493427310737349,-0.14839500353965848,-0.016560534346367655,-0.0857797150570704,1.2456571127256268,-1.452506155021038,1.955
-1.048291530237966,0.10555941057410939,-0.5868539557793202,-0.17570287291080408,-0.3593724977973979,0.1020784273695372,1.0021249295979773,-1.3223200543865739,1.375
0.9087609311856386,1.8544070883868518,0.24966194176116446,-0.10613689950212284,0.3528193562721174,-0.012125548745752984,-0.7072836635095507,0.695564505447694,2.939
0.29149153470826206,0.5030247918951872,0.15221469023263068,-0.21830978311829635,-0.38851151469073547,-0.04376764114985274,1.1004744650918357,-0.8616615444492216,1.084
0.3891039959011656,-0.6893713520680462,0.24547627536774938,-0.19120406819299227,-0.059412029777746435,0.017155719047063884,0.5618936754826148,-1.031904906817375,2.451
-1.1739228772298167,1.456941707065774,-0.19080570928219376,-0.0760003221340381,0.02114878163324567,-0.0034130852711109208,1.0864245314498553,-0.84664007129909,0.66
-0.22506998081175636,-0.2919059707469684,0.09240442924105664,-0.20917444164805246,-0.6593329658170494,-0.08633082397688488,0.5431604306266423,-0.09055925607582604,0.847
-0.9497717908382395,0.10555941057410939,-0.8259269065036842,-0.12930672813286323,2.490251948389291,0.08692983178758755,-0.7260169083655234,0.695564505447694,1.545
-1.0930683782099977,-0.21241289448275286,-0.6793380056749524,-0.1035247677753325,-0.7844593324766753,-0.2288814173091984,-0.8805661784272991,0.7506432403315074,0.62
1.1056936713725247,-0.6893713520680462,0.532434867614663,0.015737485974782126,0.2902561729423044,0.09262814984757783,0.7585927464703313,-1.1120194302847386,2.24
-0.6535721409636551,-0.21241289448275286,-0.18837395265714998,0.01031428864686841,-0.9678637329229766,-0.21144095401305668,-0.9601824690651848,0.945922391283211,0.806
-1.1051832107363997,-1.1663298096533397,-0.5504824510232478,-0.07918250161179242,-0.4253638007617212,-0.1697846966890652,1.924737238754643,-1.0168834336672432,0.858
-0.45343724239974675,0.8209970969520494,-0.2887761933078512,-0.27442744678011816,-0.3379467500817085,0.025399328473524288,-0.8103165102174013,0.6555072437140121,1.1
1.183772966465591,0.2645455631025405,0.35475503171075834,-0.20937972140398606,0.08028384532854838,-0.0760700136057424,1.0630079753798907,-1.3573701584035427,3.216
0.04022884072456032,-1.3253159621817707,0.23557866645474398,-0.11810666787469613,0.7067727085353062,0.0005695442503918903,-0.5293178373778068,1.196280277118728,1.185
-1.002820881284246,0.9799832494804805,-0.5532887490060873,-0.20641963279360442,0.5250823679062601,0.09689399950976066,-0.7307002195795156,0.7005716631644069,1.442
-0.6596562418799979,1.456941707065774,-0.7937526599339616,-0.10823480492898026,0.5773611923325422,0.014986064430800661,-0.7353835307935113,0.6705287168641437,1.692
-0.31142151837879756,0.10555941057410939,-0.1957306563838614,-0.11405704724239779,1.3118358240263746,-0.03672494451395614,-1.3395306773986375,1.2062945925521467,1.404
0.0547452920337292,-0.21241289448275286,-0.03980135103019851,-0.12379130703491466,0.6219267475811762,0.104654190195874,-0.805633199003409,1.051072703334132,1.246
0.7830762148875046,-1.4843021147102018,0.12075209580101083,-0.15672613926938397,-0.48278480463976875,-0.07855731700307676,0.9412418838160642,-1.2271840577690785,2.992
0.7067047375955169,0.5825178681594028,0.1996550733192657,-0.0024626626737537425,-0.030273012884408864,-0.025283388995833312,-0.8009498877894167,0.7957076597819022,2.037
-0.2866581602631565,1.2184624782731273,-0.14355534469217507,-0.18263933214422018,-0.8204545886390335,-0.05509364338478263,-0.6885504186535782,0.6054356665469116,1.864
-1.0419939520964883,-0.9278505808606928,-0.3771100382031314,-0.019680821777732366,0.8250428359259115,-0.03761340297714173,1.4095730052153872,-0.8967116484661906,1.005
0.1588688085932455,-0.530385199539615,-0.21801005650522876,0.06078150934989406,0.04171749944030748,-0.11069112981150726,0.7960592361822764,-1.2171697423356527,3.544
0.2270214127175417,1.615927859594205,0.22931895561842466,-0.04725612038997366,0.0005800638261838554,-0.05346411981229046,1.212873934227674,-1.5326206784884089,2.276
-1.1084387384197059,1.2184624782731273,-0.3790898532011116,-0.11085019040208119,-0.32851942108680515,-0.08371818577153871,1.0676912865938828,-1.3874131047038059,0.861
0.06205688699459734,-0.21241289448275286,-0.4221907375588271,-0.1650416911951354,0.32025221974426954,0.3579876616519836,-0.899299423283275,0.8457792369490028,1.785
-0.6456201143273825,0.42353171563097164,-0.22413992076745834,0.11976529418323852,-0.07655262795029795,-0.08468541626851228,1.058324664165895,-1.3673844738369614,1.196
2.102952528589909,-0.2919059707469684,0.38797216108687665,-0.124975031677918,-0.4836418345483963,-0.07523015829634692,-0.9554991578511924,0.8608007100991344,5.00001
1.7749447721702338,1.8544070883868518,0.7164400567265188,-0.08908606145763176,-0.5582034365989954,-0.07414596517575756,1.0536413529519026,-1.347355842970124,3.629
-0.6916778256502233,0.18505248683832495,-0.488707369891982,-0.1638966392155716,-0.46221608683270693,-0.0016091878463034268,1.0864245314498553,-0.8366257558656713,0.505
0.6352966057879145,-0.530385199539615,0.620050723361237,0.020929372740330493,-0.12197521310755945,-0.03920305683504158,-1.1475149176249133,1.1912731194020223,2.537
1.4222803962474855,-0.8483575045964773,0.45897920285087973,-0.0046599391307104825,-0.6516196966394011,0.02676367882612697,-0.6698171737976057,0.48025672362915306,2.776
0.4171228817001124,0.10555941057410939,-0.020064801714439646,-0.009720964524459561,0.31168192065799377,-0.03002440926808558,0.7726426801123082,-1.1971411114688153,2.832
-0.8210983933882172,-0.7688644283322618,-0.5601827038035923,-0.06513280857652455,0.3639607450842759,-0.0100132010571493,-0.6604505513696178,0.5603712470965168,2.554
-1.1872652038007439,-0.6893713520680462,-0.0005182963105971862,0.17009324132062037,-0.6387642480099875,-0.13003665554176544,1.6109553874170992,-1.602720886522354,0.668
0.0438579535518526,-1.7227813435028485,-0.03409506252401353,-0.1263217072325586,1.2227047135291067,0.011284133486174115,1.4329895612853554,-0.8967116484661906,1.33
0.6755904320321147,0.5030247918951872,0.09184901804869902,-0.19040226311608602,-0.6327650386495944,-0.01556379673751733,-0.8149998214313969,0.7856933443484835,2.137
1.493368312217386,-0.6098782758038306,0.5733809300178633,-0.1586355324285825,2.675370408652847,-0.009016620370624624,0.889725460462139,-1.1821196383186836,3.334
-0.7573220723791851,0.8209970969520494,-0.19176385912722935,-0.05645334944936526,0.47965978274899856,0.11368010813896187,0.791375924968284,-1.1420623765850018,2.891
-0.6591225488171609,0.10555941057410939,-0.11603062307468304,0.07425031215946255,0.3399639076427038,0.08696678464762395,-1.4144636568225275,1.2563661697192543,1.594
0.32041769871403214,0.18505248683832495,-0.10017512352668265,-0.1952496232390714,-0.2531007891275785,-0.058657958344102784,-0.8009498877894167,0.8207434483654525,2.679
0.01866764098594194,-0.7688644283322618,0.08115735259580956,-0.0985409132823402,-0.19653681515815852,0.15632765617015582,-0.9320826017812277,1.6919888910730563,1.009
-0.6407101381492813,-1.8817674960312796,-0.3413827292779654,-0.01031986315286577,1.3152639436608848,0.08771043110947094,-0.8477829999293464,0.6404857705638806,2.167
0.271851629995857,-1.086836733389124,-0.46605742353731083,0.3279562612443959,-0.417650531584073,-0.22724312211661593,0.8194757922522412,-1.2422055309192028,1.922
-0.17767803683182287,-1.802274419767064,0.3496505714738475,0.1833742559168251,1.425820801873842,0.026615455410591727,-0.5621010158757596,1.0761084919176824,1.309
-0.3022419976979994,1.2184624782731273,-1.2205385070408539,-0.32892663984518267,-0.6413353377358703,0.020052278929867946,0.9412418838160642,-1.4124488932873562,2.333
1.2439735439536144,0.2645455631025405,0.7513506676542115,-0.03999946881343428,-0.6456204872790081,-0.03631770870938042,1.1192077099478082,-0.8216042827155398,2.479
2.4759506102067497,0.900490173216265,0.5186907716092198,-0.2203507280798991,-0.2393883105895373,-0.01170798374416922,-0.7072836635095507,0.765664713481639,5.00001
-1.0347890957481876,0.5825178681594028,-1.5445070591230399,-0.8964914628179703,-1.1761220007194775,-0.07088332952997241,-1.3910471007525627,1.2413446965691228,1.25
-0.0855092448798577,1.8544070883868518,-0.3806514498708422,-0.138072016711277,-0.22310474232561336,-0.1514806952930986,0.9927583071699928,-1.422463208720782,4.188
-1.0037815287973526,0.02606633430989383,-0.50133580285068,-0.003933492628614565,-0.520494120619382,-0.18103371800578796,1.38147313793143,-0.9367689101998724,1.356
0.9830510055325616,0.10555941057410939,0.5704134998574837,-0.12950470753096371,-0.3825123053303424,0.015799397851455742,-0.7166502859375387,0.7756790289150577,5.00001
0.5205525972779405,1.2979555545373427,-0.002382925376680784,-0.3995517173794349,-0.5787721544060572,-0.09964689253827658,-0.721333597151531,0.73061460946467,3.511
-0.19400904455463788,-0.8483575045964773,0.16960601746055592,0.0012807899276422812,0.5233683080890049,-0.03701803271592243,0.9365585726020719,-1.2622341617860473,3.316
1.0085081646298908,-1.5637951909744174,0.12878654548635574,-0.3588991174957634,-0.6867579228931318,-0.00327325603593702,-0.758800086863476,1.1412015422349147,1.516
-1.23641833488804,0.8209970969520494,-0.4200190771653268,-0.18263933214422018,-0.32080615190915696,-0.06709211045554056,1.0911078426638476,-0.8316185981489584,0.483
0.2921853356899501,0.5825178681594028,-0.07314588581817878,-0.21487058264578332,-0.5436339281523266,-0.03282377691350245,0.9552918174580444,-1.2872699503695977,2.057
-0.6535721409636551,-0.6893713520680462,0.035097275979566744,0.38745091110217755,-1.0278558265269069,-0.08598896802966198,1.4329895612853554,-1.527613520771696,0.896
0.11361163686466014,-1.4048090384459861,0.10079510546846362,-0.19485555164235732,-0.4099372624064248,-0.12277564061125892,-1.1709314736948815,1.1512158576683333,0.875
2.308958050845025,-0.8483575045964773,0.4474232633962235,-0.09308333756878609,0.13684781929796838,-0.022596984772889867,-0.6510839289416332,0.5303283007962536,3.084
-0.3950512213253693,-1.086836733389124,-0.36764259036453895,-0.2619562355524146,-0.4142224119495627,-0.08392958340375274,0.3277281147829534,-0.03548052119201258,0.919
-0.29284899979206674,-1.086836733389124,0.12366158798009028,-0.027680439771454055,-0.11511897383853885,-0.0734742398626923,1.6624718107710246,-0.701432497514487,1.568
0.1469674532919782,0.8209970969520494,-0.11023393562997406,-0.2155687324761421,-0.6730454443550905,-0.09615584224094172,0.95997512867204,-1.2422055309192028,2.325
0.5472372504197948,-0.21241289448275286,0.5263888496697076,0.09100398461405057,-1.1401267445571193,0.2532659013339542,-0.7915832653614288,0.6104428242636173,1.75
-0.4745181183818117,0.6620109444236183,-0.3422325993386142,-0.07318200544091172,0.1608446567395405,0.20393672514834613,-0.7119669747235431,0.8007148174986151,1.294
-0.7603107535310729,0.900490173216265,-0.17339281743699037,-0.02545518152589206,-0.41165132222368,-0.07628804392850977,-0.8946161120692793,0.6454929282805935,2.55
0.08655339857881975,-1.6432882672386329,-0.3588938726862415,-0.025607035598559848,0.989592578382406,-0.04140972364367434,-1.2130812746208188,1.1562230153850461,2.458
1.992051110132362,-1.1663298096533397,0.7584109545026951,0.02543604576215727,-0.22139068250835822,0.005896398940286136,-0.7541167756494838,1.2213160657022784,2.831
-0.45343724239974675,-1.0073436571249084,0.24303487970831503,0.11399298954496237,0.297112412211325,-0.022790328539435172,1.1426242660177763,-0.43605313852883837,1.226
1.4254825546245082,-1.1663298096533397,0.27182498179428394,-0.0579264267853897,0.051144828435210815,-0.09088216083198358,-1.021065514847098,0.9409152335665052,3.685
-0.03603589795485969,-1.8817674960312796,0.025949360029787708,-0.15372409214094476,0.6416384354796104,0.009953218386318513,0.5337938081986544,-0.1506451486763524,0.804
-0.9107054586385643,0.34403863936675605,-0.5833394167573787,0.1328391784041622,-0.6207666199288084,-0.05356629503585682,-0.8384163775013618,0.8257506060821654,1.975
-1.1844899998739908,0.2645455631025405,-0.8078171524132081,-0.11507308109279536,0.22940704942974652,0.11338571423356089,-0.7634833980774683,0.6705287168641437,1.307
0.7017413921111322,-0.21241289448275286,0.016701883722675788,-0.2158082190240106,-0.4279348904876039,0.042088105762508016,-0.8290497550733739,0.7556503980482203,2.449
-0.2755573445561451,0.02606633430989383,-0.4768909231451565,-0.2782673729468416,-0.6396212779186151,-0.039972664334402705,-0.8384163775013618,0.7556503980482203,1.988
0.11537282397202268,1.2184624782731273,-0.3266344588401484,-0.20065699909126677,-0.32080615190915696,-0.05967817093220703,-0.8337330662873694,0.7055788208811127,1.751
0.7675991160652286,-1.3253159621817707,-0.008209595631511954,-0.17055794950588585,1.7189250306244728,0.02446385746683263,0.8990920828901269,-1.2271840577690785,2.312
0.08847469360503306,-1.3253159621817707,-0.25950162407388805,0.029862971060431467,1.2938381959451954,-0.13876887761615542,1.0911078426638476,-1.2422055309192028,1.861
0.2310774799951036,-1.9612605722954952,0.19604890796234328,0.03775919251754526,2.1380126559433577,-0.09367485974926197,-1.1615648512668935,1.1762516462518906,2.375
-0.14448232832335606,0.900490173216265,-0.1984140780574656,0.02466621085446972,-0.859877964435902,-0.08338789017035714,0.9787083735280125,-0.9217474370497479,1.104
0.8381533389722918,-1.5637951909744174,1.0946767508847373,0.03871788364350253,0.023719871359128394,-0.0017609984971817955,-0.5433677710197871,1.1812588039685965,1.706
-0.974214933116178,1.8544070883868518,0.0856643778452709,0.19866692891238694,-0.7450359566798068,-0.09999336615271075,1.3580565818614618,-0.9417760679165853,0.946
-0.13220738787810293,-0.6893713520680462,-0.6253819282548116,0.011335677203414718,0.6296400167588243,-0.16175261202917224,-0.758800086863476,0.5904141933967799,4.636
-1.534112325338568,1.5364347833299894,-0.44102504277167415,-0.16526515330242525,0.1925547633587608,0.11468330409534568,-0.7962665765754211,0.6705287168641437,0.955
-0.8537070395275634,-0.371399047011184,-0.3357112988405045,0.13143236230361222,-0.7656046744868686,-0.14343726379506186,-0.8477829999293464,0.7005716631644069,1.92
-1.2012479620470757,1.6954209358584205,-0.2682230122036338,0.13794698037592967,-0.690186042527642,-0.05867687313760697,1.105157776305828,-1.1170265880014445,0.964
-0.21519665914927022,-1.8817674960312796,0.33259916161301584,-0.08498883792391275,-0.13311660191971794,0.0050379079204209585,2.318135380730076,-1.417456051004069,1.229
0.3375492460311026,-1.086836733389124,0.5292991292620961,0.132913321414867,-0.6661892050860699,0.06095887541790631,-1.3535806110406177,2.0174541426592243,1.403
-0.06031893231394704,-0.6893713520680462,-0.04002957438850962,-0.22099494377919454,1.233846102341265,0.09256255140821612,-1.3769971671105825,1.2864091160195175,1.218
2.0606840380132114,0.8209970969520494,0.5072245011640751,-0.1987834806255341,-0.47164341582761027,-0.06118720287058464,-0.6885504186535782,0.7456360826148016,4.5
-1.5091354899977922,0.02606633430989383,-0.9015667438248245,0.074535755328516,1.622080650949557,-0.04240230412538824,-0.758800086863476,0.6505000859972992,2.583
0.5561499245691743,1.2979555545373427,0.17394703814502085,0.053957847305479235,-0.542776898243699,-0.04493353480719717,-0.8524663111433419,0.7356217671813758,2.228
1.0335383692769502,-1.4048090384459861,0.47562063900247986,-0.1497692640651485,0.444521556495268,0.05860217166893516,1.105157776305828,-1.3273272121032795,2.694
-0.25650450221286086,-0.7688644283322618,-0.4408395857702322,0.08485169107989622,-0.29338119483307457,0.016603775738955842,-0.8290497550733739,0.7907005020651893,2.696
-0.06458847681664376,-0.21241289448275286,0.5986959411849526,-0.12315165458807446,0.3699599544446689,0.040483730781464375,-0.7119669747235431,1.1211729113680773,1.32
-1.2509347861972087,1.0594763257446962,-0.4015805595551278,-0.08827956774481642,0.06400027706462445,0.02352537908106911,-1.3816804783245749,1.2463518542858356,0.863
0.37170560205267633,0.34403863936675605,-0.26465515747475976,-0.14736302979969168,-0.38508339505622513,-0.046266587998336606,-0.805633199003409,0.8107291329320339,1.94
-0.43315690601193746,-1.3253159621817707,0.17205609075022896,0.4722335626618983,-0.8435943961719781,-0.10156304080922128,-0.974232402707165,1.3615164817701684,1.281
-0.9016326765703339,0.18505248683832495,-0.8432193055331823,-0.24708431616337814,0.24569061769367045,0.20954840638191152,-0.7494334644354914,0.7907005020651893,1.617
0.49162643327217037,0.2645455631025405,-0.3113227041857331,-0.2881766994890079,-0.1374017514628558,-0.05751223250506493,-0.8009498877894167,0.7155931363145385,1.786
0.7051036584070056,0.34403863936675605,0.115701022539115,-0.0695051443371829,-0.36365764734053574,0.10928774439099426,-0.7166502859375387,0.8557935523824286,1.585
-0.4400949158288196,-0.530385199539615,-0.5120794200307458,-0.21366465150456837,-0.4844988644570239,-0.015891309996248645,-0.843099688715354,0.840772079232297,1.8
-0.1587853024073901,0.5030247918951872,0.303051837987127,0.02850520239148261,-0.6944711920707799,-0.025283388995833312,1.3065401585075367,-1.5526493093552463,1.683
0.1271140713544383,-0.530385199539615,-0.13880721060526047,-0.049154787384087906,0.040860469531679905,-0.007796519443846654,1.2503404239396192,-1.3673844738369614,1.644
0.42715631128145004,1.1389694020089116,0.6076084954955216,0.35281744239983653,-0.6079111712993948,-0.07886041676337605,1.3627398930754575,-1.5025777321881457,2.45
0.18838203496813646,-0.371399047011184,0.0660711178840882,-0.20184237191673046,-0.599340872213119,-0.06523640848752914,-0.4965346588798541,-0.2758240915941109,2.598
-0.19347535149180087,0.10555941057410939,0.08922832562862996,-0.09191093819239579,0.6527798242917688,0.10852954755721914,-0.7307002195795156,0.9258937604163736,1.364
-0.5041380833692704,0.6620109444236183,-0.13963402445513073,-0.050885142593941654,-0.025987863341270987,-0.06161590512580558,1.1004744650918357,-1.1120194302847386,0.973
0.3551077477984427,-1.086836733389124,0.33940601246485497,-0.06628878430476293,0.7753351012255122,-0.03319696952474425,1.5313390967792135,-0.7414897592481688,1.64
0.8987275016043015,-1.802274419767064,-0.1895649754933372,-0.24543756892179244,0.6253548672156864,0.08554850329508042,0.7820093025402961,-1.10200511485132,2.419
-0.9452353998041241,0.5825178681594028,-0.3278752200161629,-0.09750585581942484,0.03314720035403173,0.2397502053336045,-0.8103165102174013,0.7005716631644069,1.398
0.5567903562445787,0.5030247918951872,0.07349798721884461,-0.3221437681386327,-0.35251625852837726,-0.008712912031457699,-0.6651338625836134,0.5052925122127033,2.349
3.743204787913418,-0.6893713520680462,0.16869207172242198,-0.4468466724625506,-0.8873029215119844,-0.044410161855060096,-0.758800086863476,1.201287434835441,3.818
0.7897473781729678,-0.2919059707469684,0.03381060968991544,-0.1777154757922944,0.5113698893682189,-0.042925007489172044,0.767959368898316,-1.1921339537521023,3.003
0.8374595379906038,-1.4843021147102018,0.29889152623301934,-0.09733086409008308,0.03314720035403173,-0.05514226975780335,-1.0163822036331056,0.9709581798667613,4.022
-0.6729451991446416,-1.245822885917555,-0.04395632652481128,-0.12153875104986929,-0.7098977304260763,-0.023973795910446714,1.6062720762031035,-0.7565112323983004,1.444
0.42715631128145004,0.8209970969520494,-0.09901043179858168,-0.17321148316030052,-0.3439459594421015,-0.05294116484050989,-0.7868999541474365,0.7806861866317706,2.243
-0.34114822197882333,-0.2919059707469684,-0.7236747033678078,-0.028329191115120222,-0.0037050857169540225,-0.05012426719196472,-0.8946161120692793,0.875822183249266,1.125
-0.6424713252566436,-1.4843021147102018,-0.3851158244201474,-0.28345529094989885,-0.4047950829546594,-0.07097312156068264,0.49632731848670936,0.009583898258382193,0.848
-0.7504374318685868,-0.530385199539615,-0.46952146774427855,-0.060179670811134026,0.5705049530635216,-0.13008697665577504,-0.8009498877894167,1.091129965067814,1.185
-0.7771754543167247,0.34403863936675605,-0.062356932286668366,-0.07010203737350251,0.3245373692874074,-0.016609197374326912,-0.028203537480531147,0.1247485257427149,0.719
0.22798206023064813,0.02606633430989383,0.034691852994181385,-0.2595671721967461,-0.8684482635221777,-0.07215087566630354,0.9833916847420049,-0.9267545947664537,1.513
-0.7202837738182912,-1.3253159621817707,-0.6396986876899092,0.10207625754646647,-0.38336933523897,-0.15298623278060294,1.0630079753798907,-1.3623773161202557,1.958
1.9449793819901304,-0.530385199539615,0.7779430375372174,-0.09685772814476237,0.8893200790729797,-0.06340785367474468,1.0957911538778433,-1.4424918395876194,4.392
-1.1060371196369392,1.2979555545373427,-0.5566569383500111,0.07910644910282168,0.03828937980579718,0.018684221103480964,1.0021249295979773,-1.3323343698199925,0.975
-0.07222028761521411,0.18505248683832495,-0.3286543026150555,0.015345496518094642,1.814055350482134,0.3185630372996347,0.7960592361822764,-1.1220337457181573,1.786
-0.6720912902441021,-0.053426741954321726,-0.706767793838384,-0.12051185052727538,-0.5924846329440985,-0.1014654388130445,-0.7026003522955585,0.73061460946467,1.25
0.3295438500885464,1.456941707065774,-0.018270328379954657,-0.1958908244811824,-0.2291039516860064,-0.032397407085527644,-0.8946161120692793,0.6454929282805935,2.708
2.3635014818669755,0.6620109444236183,0.4725486772105139,-0.16363632403600678,-0.7630335847609859,-0.03285266318957752,0.8194757922522412,-1.3072985812364422,5.00001
-0.31761235790770753,-0.1329198182185373,-0.16905661563469498,-0.13028667404477187,0.18312743436385745,0.07396132504219693,0.4494942063467764,-1.1220337457181573,1.312
0.02229675381323422,1.8544070883868518,0.08601273293569485,-0.11220347197478121,0.14884623801875443,-0.13070847376627795,1.3721065155034422,-0.9367689101998724,1.816
-0.4632038254496655,-0.6098782758038306,-0.19973979649786716,-0.09945331149660143,1.1361446927577215,-0.01845354379331675,0.8382090371082137,-1.2422055309192028,2.25
-0.3341568428556574,1.8544070883868518,-0.4005247917808428,-0.04170715183953128,-0.9267262973088529,-0.20480448228581652,1.0068082408119696,-1.422463208720782,5.0
0.35820316756289816,-1.4843021147102018,0.28706711793420386,-0.0016777106954975584,-0.35508734825426,-0.0444464372709983,1.742088101408907,-0.25579546072726644,1.173
0.12028280015012384,-1.7227813435028485,0.3464757267936446,-0.04213510324970432,0.9621676213063236,0.014094138009793786,1.0021249295979773,-0.8266114404322455,1.95
0.6987527109592444,-2.040753648559711,-0.4419838689169019,-0.37968794583774856,-0.7433218968625517,-0.14413840053088547,-0.9320826017812277,1.0010011261670244,1.678
-1.0973379227126945,-0.6893713520680462,0.07002929263463888,0.16484424469167938,-0.787030422202558,-0.08182370457333299,2.388385048939974,-1.487556259038014,0.745
-0.8291037893307736,-1.4843021147102018,-0.40389065985352635,-0.25761010385881505,-0.6816157434413663,0.16815822656374513,1.1145243987338158,-0.8716758598826403,1.267
1.2237465768720885,0.2645455631025405,0.42659570568264854,-0.23699430505709826,-0.04227143160519492,-0.06434930112515547,-0.9461325354232045,0.8457792369490028,4.507
-0.30330938382367373,0.34403863936675605,-0.1007816180449123,-0.23364095390561831,-0.033701132518919166,-0.009453350785226038,1.0817412202358632,-1.056940695400925,1.514
0.19964295859399886,-0.2919059707469684,0.20163452382594843,-0.0890302420837138,0.4830879023835089,-0.08949106706355042,1.2269238678696543,-1.4324775241542007,2.623
-0.8367889694356277,-0.2919059707469684,-0.8134608215386181,-0.13882836244228777,3.082459615250946,0.23090098650582147,-0.7915832653614288,0.7105859785978256,1.642
-0.09618310613659949,1.8544070883868518,-0.13462699030374856,-0.16932335565963258,-0.6010549320303742,-0.05272283670080506,0.974025062314017,-1.422463208720782,2.755
0.305901247404863,-0.4508921232753995,-0.3299429630105272,-0.1588894375516931,1.2141344144428308,-0.0977257158409318,-0.7775333317194486,0.585407035680067,3.669
0.04022884072456032,0.5030247918951872,-0.13524220351978775,-0.2934261000625485,-0.7493211062229448,-0.10629362266646786,0.7960592361822764,-1.1921339537521023,2.871
-0.5640184450195914,1.5364347833299894,-0.11732461665290048,-0.05299444433996325,-0.4605020270154518,-0.10426818886687965,-1.348897299826622,1.2363375388524098,1.75
-1.0371373452246708,1.8544070883868518,-1.3928229544564934,-0.36230413607641826,-1.0304269162527895,-0.17479719779735559,1.0864245314498553,-1.4725347858878826,2.0
0.49162643327217037,1.5364347833299894,-0.002042472614969418,-0.04075020493622795,-0.8435943961719781,-0.07663334512619412,0.9927583071699928,-1.2872699503695977,1.563
0.7639700032379367,0.5825178681594028,0.2813271914262643,-0.025272568513265842,-0.5162089710762442,-0.054713113988865136,0.95997512867204,-1.452506155021038,2.877
0.220350249432078,0.6620109444236183,0.17671310062377946,-0.27288683354859694,-0.6353361283754773,-0.08227708155401597,1.0489580417379103,-1.2321912154857841,3.106
-0.6320109412250366,0.7415040206878338,-0.5319144521493296,0.034346557796259024,0.6493517046572586,0.22964176309261536,-0.8009498877894167,0.6204571396970432,1.422
0.10549950230953634,-1.8817674960312796,-0.20895831091749142,0.3805917095375784,0.0622862172473693,-0.1775775294413539,1.0676912865938828,-1.2321912154857841,2.665
-0.6177613364472865,-0.7688644283322618,0.2494711916505936,-0.09548220764131113,-0.10826273456951824,-0.11973196936709236,1.8076544584048124,-0.9417760679165853,0.975
-0.08534913696100647,0.7415040206878338,-0.39890283214502176,-0.11685968869271278,0.8447545238243458,-0.0209048550006828,-0.843099688715354,0.7055788208811127,1.698
-0.8787372441746228,-0.1329198182185373,-0.3663044243717794,0.007958002911292046,0.1642727763740508,0.1270239646913042,-0.7962665765754211,0.6454929282805935,0.969
0.451546084253105,0.9799832494804805,-0.19849377876556443,-0.2245770052106218,-0.3413748697162188,-0.09041464434790776,0.805425858610261,-1.2221769000523655,2.848
-0.37562479383809927,-1.9612605722954952,-0.19872391894549277,0.3923632533342328,-0.2976663443762124,-0.07951028721975113,-0.7400668420075035,1.0110154416004502,1.188
-0.43315690601193746,0.18505248683832495,-0.7053168897123737,-0.27961149312168054,-0.5727729450456642,-0.0695985974848161,0.4448108951327841,-1.137055218868289,1.953
-0.6552799587647338,-1.1663298096533397,-0.2689825303113294,-0.00137242168014267,0.6519227943831413,-0.03565396960838844,0.30899486992698083,-0.09055925607582604,0.691
-1.050639779714449,-0.2919059707469684,0.046685802970668364,0.018939538395942448,-0.23167504141188913,0.01840930535568031,0.14507897743721715,0.19985589149337285,0.525
0.7522287558555207,-1.0073436571249084,0.21813537788710907,-0.3329552614496374,-0.530778479522913,-0.003429448582074674,-0.7072836635095507,1.1912731194020223,1.407
-0.595452966420696,-0.053426741954321726,-0.493976079787017,-0.11507308109279536,0.830185015377677,0.1275333758175047,-0.8196831326453893,0.7155931363145385,1.567
-0.8981636716618928,-1.4048090384459861,0.03413584432850968,0.03453790337821709,-0.6773305938982284,-0.002099783465279575,-0.9039827344972672,1.1562230153850461,1.146
-1.03655028285555,-0.21241289448275286,-0.41969890187925574,0.026788010326379112,-0.40308102313740424,-0.2270469467577126,-0.8805661784272991,0.7556503980482203,0.685
-0.48876772315956196,-0.8483575045964773,-0.9214709927490136,-0.24264883143331475,-0.4682152961931,-0.14715667117216136,-0.7728500205054563,0.5904141933967799,2.763
0.635243236481631,0.5825178681594028,0.18469032940888538,-0.16457706701166103,-0.43993330920838997,-0.10383596759895158,1.0676912865938828,-1.3623773161202557,2.534
-1.1205535709461079,-0.9278505808606928,0.014677125100278647,0.6768813422888104,-0.6833298032586215,-0.13535228081009548,1.550072341635186,-1.522606363054983,0.64
0.38045816828320456,-0.2919059707469684,0.025557837323440115,-0.25083704348584535,-0.6181955302029257,0.032622265995113184,0.9131420165321071,-0.6363394471972549,1.336
0.15806826899898985,0.5030247918951872,-0.2723996655927254,-0.220420460690727,-0.1202611532903043,0.09847648350211965,-0.7728500205054563,0.7506432403315074,1.625
-0.36671211968871975,-0.053426741954321726,-0.40000395899324115,0.27777640716334673,-0.49821134299506514,-0.13632247876829146,-0.5948841943737123,-0.04048767890872548,3.643
-0.8537070395275634,-0.8483575045964773,-0.3592476826805139,-0.010121077447523441,0.43937937704350255,0.11062605128807512,-1.442563524106488,1.2563661697192543,1.032
1.175981047748169,-0.21241289448275286,0.4495196948902098,-0.08577444125633651,0.3613896553583932,0.13520130024611507,-0.8384163775013618,0.6705287168641437,1.864
-0.949451575000537,1.3774486308015583,-0.45758671596382905,-0.006501105265333206,0.745339054423547,0.014223002106412445,-0.7494334644354914,0.6304714551304619,2.685
-1.138325549938583,0.8209970969520494,-0.41708187325787743,-0.11189129087707705,-0.14940017018364188,0.054352923829031174,-0.7915832653614288,0.6655215591474308,1.0
0.2487960896812949,1.615927859594205,0.016077649839090907,-0.04780059635028955,0.0040081834606941575,-0.12869942041505877,-0.7541167756494838,0.5553640893798039,5.00001
-1.1065174433934923,1.8544070883868518,-0.8545643456871503,0.1054062644434335,-1.0124292881716104,0.1706572330805435,-0.7447501532214958,0.6705287168641437,3.125
-0.17741119030040448,0.5030247918951872,-0.14701509840199625,-0.11729167441090188,-0.16139858890442793,0.08420582329395182,-0.8665162447853222,0.8658078678158473,1.904
1.2266285194114088,-0.9278505808606928,0.6102315609802074,0.15854444702003623,-0.5136378813503615,0.014136928759434314,-0.721333597151531,0.9859796530168928,2.439
1.5276314068515269,-1.086836733389124,0.8653273286573406,-0.16370207838932266,-0.2145344432393376,0.13333088269037793,-1.2599143867607518,1.2313303811357041,2.402
-0.3260980776068174,0.2645455631025405,-0.5331244628301126,-0.36618058118940183,-0.28566792565542637,0.03673296678861942,0.9131420165321071,-1.2171697423356527,1.496
1.0784219558615495,-1.8817674960312796,0.3955944575448968,0.003743112706614627,0.5087987996423362,0.009084396643725652,-0.6042508168017002,0.5353354585129665,5.00001
1.196208014829695,-0.053426741954321726,0.655174244937868,0.11952029988699674,-0.05855499986911886,-0.031887933335815806,-0.5574177046617673,0.039626844558638255,5.00001
-0.22229477688500357,-1.4048090384459861,-0.09984851548930089,0.1714729474626453,0.35710450581525527,-0.0773162213329743,1.418939627643375,-1.1070122725680258,1.206
-0.25330234383583844,1.8544070883868518,-0.5102481216477801,-0.052332990830757896,-0.6713313845378354,0.10300499533928313,1.0021249295979773,-1.3273272121032795,1.161
-0.5499289481606925,0.02606633430989383,-0.029823639043829387,-0.134268038777859,2.189434450461012,0.09286610001015609,-0.9227159793532398,0.945922391283211,1.625
0.6034351299365401,0.02606633430989383,-0.035780811081871436,-0.11143559785987853,0.5773611923325422,-0.030333103440456637,-0.8524663111433419,0.7907005020651893,2.086
-0.3945708975688158,-0.21241289448275286,-0.5321889107369572,-0.05739670875744675,0.6193556578552935,-0.03594469208820338,-0.7260169083655234,0.73061460946467,2.141
-1.3503618038037584,-0.7688644283322618,-0.4268583063065264,-0.024768187860602496,0.04343155925756263,-0.02819930631600798,0.9833916847420049,-1.3022914235197292,0.814
0.07705366206031966,0.10555941057410939,-0.12549635220148572,-0.24090005161371222,0.09999553322698262,0.0031589519745761577,1.105157776305828,-0.8566543867325087,0.955
-0.02098575358285378,-1.8817674960312796,0.05769780119204216,-0.07871402925618275,1.3152639436608848,-0.06083045195793591,2.318135380730076,-1.3723916315536744,1.111
1.9418839622256754,0.5030247918951872,0.3710666365707248,-0.11263276502773233,-0.30709367337111576,-0.08420822365839331,1.0255414856679455,-1.3072985812364422,3.193
1.0116035843943458,-0.9278505808606928,0.017752423673099076,-0.3428207858563787,-0.7518921959488275,-0.04788634943701603,-1.320797432542665,1.1862659616853093,2.373
0.3997778571579072,0.6620109444236183,-0.6616182277018627,-0.050574254935729465,-0.057697969960491285,-0.18197535201591744,0.8428923483222093,-1.2872699503695977,3.56
-0.7351204409651623,-1.0073436571249084,-0.255263412416842,-0.032902907105494546,0.11713613139953413,-0.1203377337491862,1.3205900921495168,-1.5426349939218276,1.943
0.06205688699459734,0.34403863936675605,-0.03989704137492281,-0.0620251980358914,-0.9395817459382665,-0.039676270041260314,2.379018426511986,-2.2586585474114025,1.118
-0.7302104647870611,-0.6893713520680462,-0.015612217927855982,-0.16231299478056022,-0.0954072859401046,0.07984138980102802,0.4354442727047962,-0.1556523063930653,0.746
-0.19918586726415766,-1.245822885917555,-0.25899398350487707,-0.12834502326361105,0.4719465135713504,-0.0922563270620822,-1.1709314736948815,1.2513590120025415,1.375
0.9445183663957236,0.2645455631025405,0.4713261483172533,-0.17766851803416997,-0.3276623911781776,-0.027217163242169697,0.9693417511000246,-1.2472126886359158,2.747
0.12626016245389904,-0.7688644283322618,0.2203819937716923,-0.009486498941246386,0.24311952796778774,-0.020742850821850296,1.498555918281261,-0.9017188061829035,1.627
-0.6778551753227426,-0.1329198182185373,-0.41595365067824924,0.08675046155563217,-0.061126089595001584,0.05978113408843343,-0.889932800855287,0.6505000859972992,1.924
0.08916849458672155,0.5030247918951872,-0.17343943039324763,-0.3211324592993661,-0.28909604528993665,-0.026475450607078475,-0.7307002195795156,0.8307577637988712,1.655
0.20759498523027145,1.2184624782731273,0.1888067590975647,-0.07761631078710127,-0.16739779826482096,-0.05629643225958361,-0.6979170410815662,0.7456360826148016,2.837
-0.08652326169924818,-0.8483575045964773,-0.11969321984061469,0.23951013723493034,0.6287829868501967,-0.16679803887419475,-0.6932337298675706,0.17982726062652835,5.00001
0.3547875319607407,0.5030247918951872,0.19451250456226848,-0.14334695845585313,-0.2599570283965991,0.052844563125294786,-0.8196831326453893,0.7957076597819022,2.063
2.465810442012846,-0.2919059707469684,0.7875800761264791,-0.23924017729708444,-0.38765448478210784,-0.09542219857498267,1.3721065155034422,-0.8866973330327719,3.44
0.8641441911324581,0.7415040206878338,0.2974374366878944,0.18930304014857507,-0.9987168096335692,-0.0642026862094929,0.8522589707501939,-1.3323343698199925,3.05
-0.7115312075877629,0.10555941057410939,-0.3508470269320852,0.2746490549718235,-0.5744870048629194,-0.13563735132126908,0.4448108951327841,-1.1470695343017077,1.781
-0.14063973827092896,0.7415040206878338,-0.10977758226331555,-0.22095234364510905,0.10856583231325838,-0.07171935764573972,-1.3676305446825978,1.2814019583028047,1.236
0.1572143600984501,-0.530385199539615,0.021534596370428958,-0.12898377983867704,0.03486126017128688,-0.0863362641397279,-1.4004137231805507,1.2763948005860917,3.039
-1.1798468702273084,0.6620109444236183,-0.6102370133577109,-0.18263933214422018,-0.2950952546503297,0.02972183845427021,-1.4004137231805507,1.2513590120025415,1.143
-0.05951839271969138,0.42353171563097164,-0.19740427782378706,-0.27828165644808195,0.14027593893247867,0.0041165538298568805,-1.3442139886126296,1.2163089079855725,1.65
-0.850504881150541,-0.21241289448275286,-0.3694595466547662,-0.007772273075895258,-0.4467895484774106,-0.09270248283010311,0.5337938081986544,-0.10057357150925184,0.645
-0.9330671979714384,-1.5637951909744174,-0.4613456722359907,-0.13083853967146117,0.5233683080890049,-0.07114309824433163,1.1098410875198235,-1.1821196383186836,1.007
0.5234345398172606,0.2645455631025405,-0.18083834032190957,-0.23305937375797184,-0.1339736318283455,0.017962651141450296,-0.7962665765754211,0.7556503980482203,1.606
-0.7774423008481434,-1.0073436571249084,-0.038169270762332286,-0.0734731153523567,0.5122269192768465,-0.04798476964158195,1.994986906964541,-1.2672413195027603,0.772
0.4286506518573937,0.18505248683832495,-0.43347142922645204,0.005674348205557731,-0.7433218968625517,-0.16317505451448938,-0.8946161120692793,0.7456360826148016,4.571
0.7492934440099165,-1.245822885917555,0.329207958325648,-0.2616128723341973,-0.6361931582841048,-0.011159319954831088,1.5547556528491784,-0.7515040746815946,1.919
-0.8981636716618928,-1.4843021147102018,0.21708693388339972,0.24506473551623514,-0.7887444820198132,-0.08154953439009659,1.9528371060386036,-0.3959958767951565,0.928
0.1323976326765255,1.5364347833299894,-0.06870173375492336,-0.1030076791193264,-0.7921726016543236,-0.13808720098031868,1.0068082408119696,-1.312305738953148,2.297
-1.3226631338425134,-0.4508921232753995,-0.3960947026216203,-0.12690749573724047,0.5662198035203837,0.15630026154430926,0.6134100988365401,-0.22575251442701036,0.518
-1.0338284482350808,0.8209970969520494,-0.3241771071603798,0.05230694992096212,-0.9121567888621841,-0.03805481890818716,-0.1406030066163696,0.2899847303941553,0.579
0.5889186786273715,1.456941707065774,0.16174624410151295,-0.13838434830191204,-0.4313630101221142,-0.07390302019437843,-0.7775333317194486,0.6204571396970432,1.801
0.3375492460311026,0.5030247918951872,0.19901584701553085,-0.2361098653038823,0.5662198035203837,0.07082655654614166,-0.8477829999293464,0.7856933443484835,2.141
0.9428639179009287,-0.1329198182185373,0.3884393859518499,-0.17224452429015497,-0.24881563958444064,0.024091568821821348,-0.8524663111433419,0.8608007100991344,2.31
-0.1643357102608957,-0.9278505808606928,0.2575266048105902,0.11239389347116613,-0.3910826044166182,-0.05733304248766332,1.709304922910954,-0.6513609203473865,1.551
0.6879187417836515,1.0594763257446962,0.20973454948859077,-0.15017867772449636,-0.5736299749542918,-0.046496751319881194,-1.3816804783245749,1.2062945925521467,4.045
-0.16753786863791836,-0.530385199539615,-0.20601547981651167,-0.21279286567130226,-0.043985491422450076,0.09616530266286742,-0.7494334644354914,0.7506432403315074,1.99
-1.3540442859373343,1.8544070883868518,-1.1113540707169227,-0.06596970096821339,-0.7484640763143172,0.02285015369108347,-1.3769971671105825,1.2213160657022784,0.875
-0.29279563048578294,-0.1329198182185373,-0.35672463169105373,-0.05431890224585148,0.48137384256625376,-0.0952706906805091,-0.7119669747235431,0.7606575557649332,2.512
0.1914240854263079,-0.21241289448275286,-0.024100385791386684,0.06825899598889898,0.5893596110533282,-0.04464205097493936,-0.6885504186535782,0.5303283007962536,2.403
-0.9537744888095175,-1.802274419767064,-0.25589495802582457,-0.222564844129153,1.179853218097728,0.2173737793388907,-1.395730411966555,2.0374827735260688,0.677
0.6309203226726502,-0.371399047011184,0.38638063078023727,-0.20076140610172163,-0.5522042272386024,-0.060300555755978744,-0.758800086863476,1.1412015422349147,1.345
-0.03646285240512931,0.9799832494804805,0.20470741522917257,0.14213935188706087,-0.29081010510719185,-0.13045501333873033,1.0536413529519026,-1.4775419436045953,3.892
0.25034379956352215,0.2645455631025405,-0.4531956616397731,-0.32931581683877076,-0.4305059802134866,-0.09574534406330719,-0.8149998214313969,0.6204571396970432,2.697
-1.0871977545187899,0.6620109444236183,-0.3951298083253588,-0.0666887741958002,0.4196676891450683,0.13133644042319975,-1.3816804783245749,1.2413446965691228,0.833
0.013544187582705976,1.615927859594205,-0.1793834294546745,-0.22295510625225282,-0.8247397381821714,-0.0625258907968325,0.997441618383985,-1.2922771080863105,1.406
0.42518164694895266,-0.530385199539615,-0.01331809122426858,-0.09971711494474421,3.5735377528945467,-0.06778142301452815,1.1473075772317685,-1.4975705744714327,2.763
0.17018310152539148,-0.6893713520680462,0.4548305737472975,0.14271153279130355,-0.5873424534923329,-0.09038878944954158,1.4751393622112927,-0.7815470209818578,2.175
-0.6526114934505484,0.34403863936675605,-0.6485536480473761,-0.011756585814160603,0.5405089062615565,-0.05948807675498693,-0.7072836635095507,0.6805430322975624,2.013
0.31038426913269457,1.2979555545373427,0.08540007698187654,-0.16970111385777728,-0.44507548866015545,-0.11902643415954903,0.9833916847420049,-1.4424918395876194,3.61
0.451546084253105,-0.1329198182185373,0.028918250339147626,-0.2882560508930264,0.28254290376465624,0.0031452113444607847,-0.5714676383037475,-0.10558072922595763,2.715
-0.6188820918792444,-0.6893713520680462,0.0754999137572641,-0.08501852794951936,0.06400027706462445,-0.0715395020620856,0.9318752613880796,-0.6163108163304104,2.013
0.4427401487162927,-0.4508921232753995,0.34071780225899073,-0.23519086073977286,-0.7501781361315724,-0.10198536749244146,1.3065401585075367,-1.6177423596724785,3.047
-0.6634454626261412,-0.8483575045964773,0.03640154372324878,-0.22506465257185915,-0.4896410439087894,-0.027448050532702085,0.2996282474989929,0.23991315322705473,0.938
0.779286994141361,-0.530385199539615,0.05587860869556688,-0.3523406138547759,-0.9112997589535565,-0.028606828455784227,1.1004744650918357,-1.1470695343017077,1.519
-0.8087167143303969,-1.4048090384459861,-0.38492894754695206,0.10947157309427283,1.7069266119036868,-0.05615623834476585,1.3205900921495168,-0.916740279333035,0.978
0.9069463747719929,1.615927859594205,0.5622822979758364,-0.11296163574743827,-0.633622068558222,-0.08689728093291131,0.8944087716761345,-1.3673844738369614,5.00001
0.9856661015404635,-0.2919059707469684,0.25512199832421933,-0.16239757038678915,1.0752955692451636,0.08636812959682773,0.8288424146802291,-1.1420623765850018,2.611
-0.8122924578514054,0.02606633430989383,-0.25211287375087543,0.028135068546081266,-0.26252811812248183,-0.10785904384953128,1.2456571127256268,-1.4474989973043322,1.662
-0.15323489455388428,0.5825178681594028,-0.029241730109169372,-0.18263933214422018,-0.6181955302029257,-0.029778932324981886,-0.44033492431193655,0.7206002940312443,1.014
-1.4228906910433186,0.10555941057410939,-0.7476472851559219,-0.05733464837612306,0.31168192065799377,-0.163699265597655,1.1473075772317685,-1.3373415275367053,1.333
-0.2836161098049851,0.5030247918951872,-0.5487053876900613,-0.5673532922125376,-0.7030414911570557,0.14204391318097778,-0.8149998214313969,0.7206002940312443,1.333
0.6409003829477041,1.8544070883868518,-0.2798332199756515,-0.2042285484565097,-0.6044830516648845,-0.12016356918534672,0.9833916847420049,-1.4274703664374877,3.804
1.1056936713725247,0.5030247918951872,0.010656671376380104,-0.00021045430537273993,-0.7133258500605866,0.010947141123949594,-0.7541167756494838,0.7356217671813758,2.549
-1.6269215489659377,-0.053426741954321726,-0.05366700011699442,0.12140879758719209,-0.8530217251668814,-0.04950506641581483,0.9833916847420049,-1.3022914235197292,0.818
0.7708012744422512,0.5030247918951872,0.23319180564099068,-0.1785398067995268,-0.1768251272597243,-0.04095399782552472,-0.6604505513696178,0.5503569316630981,2.442
0.9748321323648702,-1.0073436571249084,0.5023830902762632,-0.1451699862466394,0.9107458267886691,0.017864777571186426,-0.6651338625836134,0.2799704149607366,2.713
-0.8340671348151586,-0.9278505808606928,0.05977402169003031,-0.04854631082677695,1.8131983205735063,0.3921120091291098,2.8848160376232572,-2.28369433599496,1.031
-1.1712544119156312,-0.4508921232753995,0.18556277296105902,0.12140879758719209,-0.5839143338578227,0.04057338798930565,2.3040854470880956,-1.4074417355706503,0.901
-0.9622068392023436,0.5030247918951872,-1.0851954937945143,-0.01061210084881592,1.7232101801676107,0.09278135311248456,-0.7307002195795156,0.6505000859972992,1.583
1.0160866061221774,-0.8483575045964773,-0.05472153493205205,-0.145691711316099,1.538948749812682,0.13339619242109368,0.9412418838160642,-1.4424918395876194,2.979
-1.0288117334444122,1.8544070883868518,-0.5792054573427536,-0.002144329335466622,-0.45107469802054845,0.017091708144212122,-0.7166502859375387,0.7055788208811127,1.651
0.5229542160607075,-1.4843021147102018,0.1814520294554698,-0.15879242000842322,0.2936842925768147,0.10451630588418534,-0.5667843270897552,0.73061460946467,3.191
-0.40972778055338915,0.2645455631025405,-0.02277409851305938,0.22583519508507727,0.05971512752148657,-0.02843174744605861,-0.7260169083655234,0.7556503980482203,2.146
0.4805256175651587,1.8544070883868518,-0.23749118106005804,-0.09999537741856786,-0.0431284615138225,-0.09786714045906653,1.0021249295979773,-1.4424918395876194,5.00001
0.003991081757922072,1.0594763257446962,-0.1079273176987713,-0.2507662989720054,-0.4545028176550588,0.08773435481648713,0.805425858610261,-1.1270409034348703,1.875
0.03921482390516985,0.42353171563097164,-0.08031140571445262,-0.2106335333471124,-0.20167899460992397,-0.0009687895397137551,-0.7026003522955585,1.1412015422349147,0.96
-0.38229595712356274,0.10555941057410939,0.17661865128232276,0.05671770615497644,-0.39793884368563875,0.047330107780238995,0.40266109420684343,-0.030473363475306794,1.0
-0.6012702208056204,-0.6893713520680462,0.38172737619349056,0.17392620181352694,0.31682410010975925,-0.044000139729455406,2.7302667675614782,-1.672821094556299,0.796
0.3588969685445862,0.5825178681594028,-0.05940161059437176,-0.2541800685516112,-0.8435943961719781,-0.019441690323955416,-0.721333597151531,0.8507863946657157,1.513
0.5694922511401013,-0.4508921232753995,0.42200905172199904,-0.18263933214422018,-0.7356086276849035,0.029257146711918227,1.0957911538778433,-1.1220337457181573,1.524
0.6598998559847044,0.5030247918951872,0.22191339162461324,0.018661498574507846,-0.5624885861421333,-0.05162655126570288,-0.7962665765754211,0.7907005020651893,2.967
-1.1003799731708659,-1.0073436571249084,-0.3962293344963969,0.06786881997697577,-0.3902255745079906,-0.19469817476289306,-0.2436358533242201,-0.521174819712915,0.55
0.7415548945987787,-0.530385199539615,-0.14517482818008004,0.06524112782001494,-0.07998074758480825,-0.1337336384150391,0.8335257258942214,-1.3072985812364422,5.00001
0.8093339135790893,-1.4843021147102018,0.11808368483868437,-0.14769127125555223,-0.04227143160519492,-0.054683494002155705,1.128574332375796,-1.2822627926528918,1.958
0.3089966671693185,-1.802274419767064,-0.44159778657552873,-0.2211467469914702,-0.5127808514417339,-0.11358706100424616,-0.9133493569252518,0.9008579718328162,2.395
-0.2649902219119707,-1.3253159621817707,1.1190386268152237,1.133750865897462,0.10599474258737565,-0.01575986582843145,1.4891892958532729,-1.5776850979387966,0.908
0.6533888006180918,-1.0073436571249084,-0.1110292840425835,-0.21199570329070128,1.3778271269906979,0.056017924109718446,0.8850421492481466,-1.2221769000523655,2.08
0.18507313797854616,0.2645455631025405,-0.1886625420124598,-0.10169819180616509,-0.5384917487005612,-0.04270150309955381,0.6134100988365401,-1.2271840577690785,2.02
-1.2108010678718597,0.5825178681594028,-0.31481324333934585,-0.19635578912458473,-0.7707468539386342,0.1214854067392277,0.9833916847420049,-1.3072985812364422,0.7
-1.0281713017690077,1.2184624782731273,-0.5290398493992767,-0.10884787593974277,-0.5522042272386024,-0.16969357408112087,-0.7681667092914639,0.6304714551304619,1.885
0.4805256175651587,0.6620109444236183,-0.07101015202310627,-0.2822413056769242,-0.5016394626295754,-0.08312308421423745,0.7866926137542885,-1.1771124806019708,2.511
-0.586860508109019,0.5030247918951872,-0.046144112588003994,-0.06479121984522329,-0.20339305442717912,0.0024870458135873605,-0.1499696290443575,0.2849775726774495,0.658
-0.11155346634630761,0.8209970969520494,-0.5386107138295967,-0.22753234458778446,-0.46135905692407936,-0.13971049460606816,-0.721333597151531,0.7105859785978256,2.789
-0.38405714423092524,-1.6432882672386329,0.037901451628483074,-0.14700869194132032,-0.2291039516860064,-0.10361591530834385,1.8919540602566904,-0.98684048736698,1.683
-0.2199465274085204,0.10555941057410939,-0.410314365803143,-0.24802602671011525,-0.6301939489237117,-0.0748987604851503,0.9552918174580444,-1.2672413195027603,1.578
0.7245300858942759,-0.6893713520680462,0.26444304607391506,-0.25056497814804635,-0.7604624950351032,-0.02293852447964362,-0.6604505513696178,1.091129965067814,1.643
1.3976771460506958,-0.530385199539615,0.46227383513814885,-0.11649145659196623,0.23626328869876714,0.025119887833838183,-0.8524663111433419,0.8557935523824286,2.412
-1.6814116106816044,-0.21241289448275286,-0.9922553420837567,-0.15686734132944877,0.19683991290189864,-0.18162441787263633,0.5010106297007016,-0.07053062520898866,0.895
-0.2866581602631565,-0.530385199539615,0.26635825708204564,-0.10829527534468975,-0.31223585282288124,0.03636419688906637,0.5337938081986544,-0.1556523063930653,1.061
-0.9031270171462779,0.5030247918951872,-0.2525833234909824,-0.0040209791688475376,1.1061486459557563,0.06390044781267305,-0.8103165102174013,1.1562230153850461,0.869
-0.15601009848063707,-0.6098782758038306,-0.47701451421398855,-0.04735499576934466,0.06828542660776232,-0.17880527924989595,-0.7400668420075035,0.6054356665469116,5.00001
0.12956905944348887,0.6620109444236183,-0.15905463416665944,-0.09450943946844856,-0.34223189962484635,-0.07499048352727364,-0.6791837962255903,0.5403426162296723,1.884
-0.10018580410787757,0.18505248683832495,-0.2857782219738877,-0.10091541288115272,0.05028779852658324,-0.1192788984519292,0.6134100988365401,-1.1971411114688153,2.451
0.7870789128587824,-0.053426741954321726,-0.08469215008353294,-0.08688936863764302,0.45994809485056437,-0.045363293398420206,-0.8337330662873694,0.6354786128471748,2.719
0.043217521876448166,-0.371399047011184,0.28551353995267315,-0.10571149209169407,-0.41079429231505243,-0.02605673170863992,2.2806688910181308,-1.4024345778539375,0.859
-0.24220152812882703,-0.21241289448275286,0.12979566674624926,-0.13777977201991362,-0.26167108821385426,0.0013207484982447663,1.6531051883430365,-1.0419192222507936,0.946
-0.9563362155111356,-1.0073436571249084,0.11901983395436375,0.4437730797120627,-0.5162089710762442,-0.07451467792054274,1.550072341635186,-1.5175992053382774,0.69
0.8807954146929753,-0.1329198182185373,0.26940578981019114,-0.23314895630155574,0.5250823679062601,0.034489714630805135,-0.758800086863476,0.7506432403315074,2.768
-0.16935242505156425,0.42353171563097164,0.11824560683388567,-0.05905847941467866,0.09399632386658958,-0.07583637380463344,1.3299567145775049,-0.9317617524831666,1.098
-0.4815094975049776,0.34403863936675605,0.06187589028453337,0.23645403586394265,0.36567480490153104,0.14633046872438715,-0.843099688715354,0.8307577637988712,1.784
-0.5551057708702123,0.10555941057410939,-0.49239884100394804,-0.1742065642934258,1.698356312817411,0.286922463271303,-0.8571496223573343,0.7556503980482203,1.183
-0.28980694933389534,0.5825178681594028,0.0036497207022649987,-0.2556108832797591,-0.4596449971068242,0.0244899561315542,-0.721333597151531,1.1061514382179456,0.963
-1.1994867749397131,0.02606633430989383,-0.3135178406937113,-0.046646895937079616,-0.27281247702601275,-0.1362715188755377,1.0911078426638476,-0.39098871907845073,0.914
0.5445687851056095,-0.7688644283322618,0.08206721809891525,-0.22895916440799,-0.06369717932088431,-0.0543115555288424,-1.227131208262799,1.1612301731017591,2.209
0.47182642064091407,-0.530385199539615,0.11723248530911587,-0.10907930075758827,0.8413264041898355,0.2353340465988389,-1.442563524106488,1.271387642869386,1.276
-0.5424038759746895,0.2645455631025405,-0.5731436885561525,-0.26104715929558725,-0.5256363000711476,-0.09452684905862861,-0.7307002195795156,0.7756790289150577,1.86
-0.053167445271930125,0.7415040206878338,-0.05679736088216845,-0.21611252073850407,-1.0038589890853347,-0.08992637946805919,1.4376728724993477,-1.1570838497351335,1.875
0.09151674406320448,-1.9612605722954952,0.3363227255556128,0.0658336695431227,7.766985095809273,-0.026855719622142615,-0.45438485795391675,0.7506432403315074,1.44
-0.6535721409636551,-1.0073436571249084,0.05017195271641642,0.32862631275445997,-0.9687207628316041,-0.15078870479936812,0.6134100988365401,-1.202148269185521,3.773
-0.09260736261559104,-0.8483575045964773,-0.3696619176860528,0.02592260808476518,0.39738491152075134,-0.05949400611215433,-0.8571496223573343,0.8507863946657157,1.405
-0.3941973124248298,-1.8817674960312796,-0.3561407375456126,0.39516860788175856,1.8517646664617473,-0.10078820412570673,-0.7962665765754211,0.6104428242636173,2.476
0.9845987154147889,0.5825178681594028,0.272079949968836,-0.14382467728489112,-1.1195580267500573,-0.05563778899661868,0.9084587053181148,-0.5011461888460776,1.542
-0.07051246981413561,-0.9278505808606928,0.42119025405801824,-0.0191307348494787,0.7830483704031603,-0.008160740975895024,-0.899299423283275,1.3264663777531995,1.2
0.08025582043734208,-1.245822885917555,-0.1788509401970124,-0.2121995669792186,-0.07312450831578764,0.006507562617892468,-1.3910471007525627,1.2763948005860917,0.893
0.5162830527752438,-1.0073436571249084,0.32256071181576923,-0.13653817167952967,-0.5633456160507608,-0.03571532443339211,1.4142563164293829,-0.8015756518486952,1.47
0.17882892914335255,-1.4048090384459861,-0.5752391101690003,-0.11163408029077657,-0.10397758502638037,-0.14441198030662267,0.805425858610261,-1.2121625846189468,1.673
-1.335151551512901,1.0594763257446962,-0.5476916482633528,-0.0744401356329038,0.9527402923114203,0.05788215804080119,-0.7822166429334442,0.6505000859972992,1.0
-0.37989433834079595,-1.245822885917555,-0.4657214719367313,-0.0749442879817521,0.5207972183631222,0.0761400105335956,-0.8103165102174013,0.8207434483654525,1.37
-0.08652326169924818,0.7415040206878338,0.4737645799309112,-0.12331286780638374,-0.3662287370664185,-0.045192426289818136,-0.7541167756494838,1.2062945925521467,1.528
-0.3009611343471906,-0.6098782758038306,-0.5339656254002264,-0.11853548048781704,0.3922427320689859,-0.039160317801746565,-0.8711995559993145,0.8007148174986151,2.133
0.00521857580244736,-1.4843021147102018,0.01475512042471596,-0.08644331369812348,0.21483754098307775,0.01334813380451011,-0.5246345261638146,0.8157362906487468,1.41
-0.4159186200822994,0.6620109444236183,-0.13778826402800182,-0.05699960911471118,-0.28909604528993665,-0.006886924905781199,0.9693417511000246,-1.4374846818709064,2.118
0.06915500473033068,0.42353171563097164,0.19496505628678798,-0.1516535354836941,-0.30452258364523305,-0.10219107175927779,1.3533732706474697,-0.9618046987834298,1.648
1.080129773662628,0.5030247918951872,0.1357384099887599,-0.0792722803825457,0.07771275560266566,-0.09606039157633367,-0.721333597151531,0.48025672362915306,4.481
-0.9055820052353284,-1.4843021147102018,-0.7113561903061604,-0.2807193739930627,-0.8298819176339368,-0.07583637380463344,-0.7822166429334442,1.1061514382179456,1.625
-0.21749153931946982,0.18505248683832495,-0.25396795949896195,-0.14610789227661605,0.3905286722517307,-0.09197939962374488,-1.3395306773986375,1.2914162737362234,1.553
-0.6758271416839617,-0.7688644283322618,-0.4035552229386538,-0.00619689416536953,0.12056425103404443,-0.045827889481071506,0.95997512867204,-1.2672413195027603,1.599
-0.8024725054952028,0.7415040206878338,-0.7753258852452574,-0.08395704442437592,-0.3825123053303424,-0.2125552002061115,-0.8805661784272991,0.7105859785978256,1.656
-1.1225816045848886,0.02606633430989383,-0.27002954680396635,-0.22670427848210598,0.04857373870932809,0.0690758413011382,0.2574784465730556,0.11974136802600911,0.511
0.7670120536961083,1.456941707065774,0.39946665617483884,-0.29924335715461736,-0.2848108957467988,-0.1046056369260532,1.0255414856679455,-1.3223200543865739,3.476
0.2257939186730164,1.456941707065774,-0.2946205785815517,-0.20427121489190964,-0.40908023249779724,0.09196676253085197,0.9693417511000246,-1.4074417355706503,2.419
-0.9671168153804447,-0.21241289448275286,0.6053544359431913,0.9119339348888637,-1.17869309044536,-0.11296586125616638,2.6038173647836627,-1.3773987892703872,0.575
1.609019598934183,-0.4508921232753995,0.6710301060408741,-0.1114310341030343,0.3665318348101586,0.050992384024487684,-0.9039827344972672,0.8157362906487468,3.182
1.3755822532492405,0.42353171563097164,0.6406702885294514,-0.14070165907781856,-0.831595977451192,-0.05493406307891411,1.0911078426638476,-1.452506155021038,4.517
-0.7619652020258678,-0.371399047011184,-0.6169621474629987,-0.10314962502489688,0.5199401884544946,0.17974598634153974,-0.7775333317194486,0.7356217671813758,1.375
0.6838626745060897,-0.9278505808606928,0.22886963141058364,-0.14952062512355208,0.7136289478043267,0.04707749814673482,-1.3161141213286693,1.2864091160195175,1.483
-0.17591684972446056,0.2645455631025405,0.1664842734109544,-0.005140964517233832,-0.264242177939737,-0.004086148053698099,0.6134100988365401,-1.2221769000523655,2.842
3.6300618585919553,0.34403863936675605,0.5555099492388309,-0.5612653050172993,-1.0947041593998577,-0.023135428922740592,0.8147924810382489,-1.3323343698199925,5.00001
1.1740063834156722,-0.371399047011184,-0.09247730848761555,-0.17929814390541346,0.26368824577484956,0.01562729033879481,-0.9039827344972672,0.8057219752153209,2.404
-1.272869571079813,-1.5637951909744174,-0.32997464812463434,0.10563271538414686,-0.26938435739150246,-0.05645166069475289,0.505693940914694,-0.06552346749227576,0.659
0.6123478040859196,-1.5637951909744174,0.4670895976202283,-0.016164310542230463,1.4172505027875661,-0.017280104707634067,-0.1499696290443575,0.2499274686604734,1.429
-0.35160860601043026,-1.0073436571249084,-0.37568800209942155,-0.2170598751326819,-0.03798628206205704,-0.11568051717833039,1.3533732706474697,-1.0669550108343437,1.943
0.19403918143420923,0.6620109444236183,-0.1684057568275039,-0.1989276248084029,-0.565059675868016,0.04947941354066322,-0.8196831326453893,0.7506432403315074,1.646
-0.7736530801020001,-0.2919059707469684,-0.686728664247787,0.01815256538301534,2.130299386765709,0.08112565275729154,-0.8711995559993145,0.7155931363145385,1.537
0.12193724864491876,1.1389694020089116,-0.13702109143667676,-0.2581271436637431,-0.6027689918476293,-0.07282469515946602,-0.7541167756494838,0.6104428242636173,2.894
-1.4416766868551842,0.5825178681594028,-0.8890866520800571,0.017443953227418672,-0.25909999848797155,-0.16275312852072196,-0.8805661784272991,0.7055788208811127,1.125
0.05709354151021237,0.5030247918951872,-0.13107792591128112,-0.13040198826966057,0.7213422169819749,0.2538420998276454,-0.8711995559993145,0.8007148174986151,1.678
-0.7647404059526206,0.18505248683832495,-0.47673857404368714,-0.14571040950477726,-0.3139499126401364,0.16271409190233097,-0.758800086863476,0.7105859785978256,1.255
-1.050159455957896,0.9799832494804805,-0.36645241418090846,0.015579890553606613,0.3005405318458353,0.028285326314766747,-0.13123638418838499,0.31001336126099976,0.58
0.32281931749679915,-0.371399047011184,-0.3359126046129419,-0.23937558601754585,-0.3970818137770112,-0.09813385036521312,-0.8852494896412947,0.8057219752153209,1.925
-0.7965485124977112,-0.8483575045964773,0.2593664914616841,0.8665903409751615,-0.48621292427427903,-0.07448279619457031,1.9434704836106156,-1.9432076112586534,0.792
-0.15835834795712025,1.1389694020089116,0.15516505625322682,-0.05056412646903669,0.030576110628148998,-0.1115059845899485,-1.3535806110406177,1.2513590120025415,2.23
-0.5022701576493404,-0.6098782758038306,-0.527829518082716,0.004365188214031141,0.4753746332058607,-0.11758726221734411,0.4448108951327841,-1.137055218868289,1.563
-0.6802567941055094,0.42353171563097164,0.021463506157899413,-0.15192739984811787,-0.1202611532903043,-0.11666517198939995,1.9153706163266584,-1.1220337457181573,1.303
0.22477990185362595,-0.371399047011184,-0.1976024103111085,-0.17348738175096676,0.025433931176383547,-0.08138209004378379,-0.6276673728716651,0.5653784048132297,2.182
0.487943951138594,-0.21241289448275286,-0.2486698739701038,-0.17188713895136093,1.2312750126153824,0.3360098162609952,-0.899299423283275,0.840772079232297,1.799
-0.42451107839397667,-0.1329198182185373,-0.2429846531070914,-0.04478375695113673,1.8697622945429264,-0.004045187711461599,0.4494942063467764,-1.1220337457181573,1.421
-0.8928267410335221,1.2979555545373427,-0.21263585750747838,-0.1463951842292172,-0.43393409984799697,-0.0005323636587263383,0.9787083735280125,-1.4024345778539375,1.853
-1.0417271055650699,0.5030247918951872,-0.06732409034478715,0.16128396214213142,0.25083279714543594,-0.031271305315395945,-1.395730411966555,1.2613733274359673,0.956
-0.44511163061948816,-0.1329198182185373,-0.19781425438924813,-0.25693163533651087,-0.18025324689423458,-0.039695835062473886,1.0676912865938828,-1.3723916315536744,1.115
-0.011912971514623083,-1.0073436571249084,-0.5038066890270997,-0.08493817719979811,0.6553509140176516,-0.1486565773645978,-0.6979170410815662,0.5653784048132297,3.349
1.6226821413428127,1.3774486308015583,-0.11021948441408974,-0.38609161226189376,-0.6361931582841048,-0.0661901103783523,-0.7681667092914639,0.5653784048132297,5.00001
-0.9901189863887233,1.8544070883868518,0.2200778120063861,0.16521234170103932,-0.6944711920707799,-0.05709999916614799,0.9880749959559971,-1.4124488932873562,2.625
-1.0538419380914716,1.5364347833299894,-0.7289495436862068,-0.1905366861632178,-0.43993330920838997,0.1185052960518752,-1.3816804783245749,1.2313303811357041,0.756
-1.2217951449663036,0.9799832494804805,-0.9778103881305932,-0.12435534561423707,-0.0019910258996988714,0.19601607080583178,-0.7634833980774683,0.6655215591474308,1.096
-0.6754001872336921,-0.6098782758038306,-0.6169260901794102,-0.07328715176819656,1.8774755637205744,-0.1277417825134047,1.0864245314498553,-1.2271840577690785,1.125
0.2803907190012504,1.8544070883868518,0.14812712521280938,-0.1625922027113799,-0.6756165340809732,-0.0931307029997156,0.9787083735280125,-1.4324775241542007,3.495
0.7654109745075969,0.5825178681594028,0.16745436660841756,-0.07318200544091172,-0.6567618760911665,0.03352684377988182,0.9318752613880796,-1.2522198463526286,1.726
-0.38539137688801794,0.02606633430989383,-0.3344924897351655,-0.03426130845881799,0.5756471325152871,-0.11402969551365295,-0.8665162447853222,0.6354786128471748,2.864
1.1388893798809916,-0.9278505808606928,0.33279959569074935,-0.16768614543611812,-0.6387642480099875,-0.03352273008541715,-0.6932337298675706,0.33504914984455003,2.948
-0.7818719532696913,0.2645455631025405,-0.9446838779896575,-0.12052833288002102,1.8989013114362638,0.06317756986173344,-0.7353835307935113,0.6454929282805935,2.583
-0.881085493651106,0.10555941057410939,6.672852408801507,6.5701715491485935,-0.9550082842935629,-0.06739785392928505,1.6109553874170992,-0.23576682986042904,1.24
0.3482764765941282,-2.120246724823926,-0.3245166904635668,0.021381780070707,0.7727640114996295,-0.1164521574917134,-0.9367659129952199,1.0010011261670244,1.519
0.03579918830301262,-0.6893713520680462,-0.3954686246481008,0.019055961836023417,-0.2111063236048273,-0.14516870129532597,-0.8946161120692793,0.6454929282805935,2.852
-0.8925065251958199,-0.9278505808606928,-0.5001637718855819,-0.05858769521380392,0.08456899487168626,-0.0007419854339080393,-1.4331969016785,1.2413446965691228,1.432
0.0993086627806263,-0.9278505808606928,0.3730676343812268,-0.03692936581926222,-0.4776426251880033,-0.03590842512926287,2.3837017377259815,-2.2937086514283784,1.289
-0.06341435207840229,0.5030247918951872,0.09224904634795675,0.012820179825973447,-0.5881994834009605,-0.014556646138412885,-0.8196831326453893,0.7806861866317706,2.024
-0.4388674217842943,-1.3253159621817707,-0.26096192922895717,-0.10899831723679579,0.3039686514803456,0.027670975492071277,-1.4378802128924957,1.2513590120025415,1.353
-1.225157411262177,0.2645455631025405,-0.44949368824579755,-0.013039183497854547,1.1687118292855694,0.0348550808892245,-0.7915832653614288,0.6505000859972992,1.0
-0.5730378577815384,-0.8483575045964773,-0.5097282575173043,-0.07707959570927897,1.110433795498894,0.12829067077649461,-0.843099688715354,0.8557935523824286,2.0
-0.459788189847508,-0.053426741954321726,-0.39030972704433015,-0.18263933214422018,-0.5264933299797752,-0.12914076462028842,-1.3442139886126296,1.2513590120025415,1.653
-1.0240084958788784,0.18505248683832495,-0.5996530478315447,0.0005691562836821601,0.32539439919603497,0.10514102788099029,-0.889932800855287,0.8658078678158473,1.734
-0.03576905142344105,-1.8817674960312796,-0.3841534380206781,0.12929683868871428,0.19426882317601593,-0.14514070360635978,-0.8711995559993145,0.7206002940312443,1.963
0.08388493326463436,-1.0073436571249084,-0.6092585054732811,-0.13290655255989994,0.2902561729423044,-0.11400316134493291,0.8147924810382489,-1.2121625846189468,2.495
0.434681383467453,0.02606633430989383,0.20764275744690375,0.004467209228956661,0.2516898270540635,-0.015259340955871687,0.8850421492481466,-1.1821196383186836,2.489
0.6736157676996173,0.2645455631025405,0.1514786699634929,-0.22481941950580334,-0.8521646952582538,-0.0710805605800874,1.0911078426638476,-1.207155426902234,2.269
0.258135718280944,0.02606633430989383,0.21169512847411134,-0.11900135150276171,0.2199797204348432,0.026905876421871082,1.1004744650918357,-1.3623773161202557,1.708
-1.0827147327909583,0.02606633430989383,-1.0442687242320876,0.08703813944364107,0.5216542482717498,-0.1898931428391844,-0.7260169083655234,0.625464297413749,5.00001
0.7029688861556574,-0.053426741954321726,0.0961169407262899,-0.15000447027680583,0.6639212131039274,0.11521533915137616,-0.6323506840856608,0.5904141933967799,1.874
0.2863680813050256,0.34403863936675605,0.07718977767288603,-0.12218952646980917,0.4488067060384059,-0.09826086656214211,-1.3301640549706495,1.1912731194020223,1.848
-0.586860508109019,-0.053426741954321726,-0.032747439720428234,-0.10736528060877332,0.08028384532854838,0.08310273841066657,0.4120277166348314,0.09470557944245171,0.65
-0.053167445271930125,0.9799832494804805,-0.39623592383556316,-0.48323236949232085,-0.5256363000711476,0.20644649986646715,-0.7494334644354914,0.7055788208811127,1.231
2.1347606351349993,0.8209970969520494,0.39318427484473983,-0.17453138201804913,-0.7518921959488275,-0.07924928628755212,-0.9461325354232045,0.8357649215155841,4.908
0.36279292790329687,-0.8483575045964773,-0.03051330925787299,-0.1561523807338611,0.33396469828231073,0.03131445071056635,-0.8571496223573343,0.7957076597819022,2.248
-0.8966159617796653,0.5825178681594028,-0.45439962529526734,0.09100398461405057,1.2432734313361684,0.07031351636147876,-0.7307002195795156,0.7155931363145385,1.708
1.0074407785042168,-1.3253159621817707,0.08112443490660712,-0.19050264584417045,-0.599340872213119,0.01140409999288011,1.3955230715734104,-0.6263251317638362,2.083
0.7006206366791741,-1.3253159621817707,0.6413917195612937,-0.265712591633677,0.23712031860739471,0.005966545642733045,-0.8243664438593815,1.1061514382179456,2.679
1.1829190575650512,-0.371399047011184,0.3217198252858228,-0.2159090363093594,0.654493884109024,0.03540332436979213,-0.6464006177276376,0.20987020692679154,2.348
-1.3039838766432152,-0.530385199539615,-0.4523258232454299,-0.11408568285196038,-0.10826273456951824,-0.044645560778945874,-0.8009498877894167,1.3164520623197808,0.819
-0.8419124228388637,1.2979555545373427,-0.4236705144165867,-0.10441948134194805,0.17541416518620928,-0.10493351080220407,1.2456571127256268,-1.352363000686837,1.398
-1.0946160880922253,0.2645455631025405,-0.6411019109349618,-0.2002653106793746,-0.6421923676444978,0.029583975942472668,0.48227738484472915,-0.07053062520898866,0.493
1.8250051814643526,0.900490173216265,0.4963909435974354,-0.05485098776435115,-0.44850360829466573,-0.11416641396306984,-0.7119669747235431,0.6404857705638806,4.987
